0,F,無,無のタリスマン,気合の,<< >>,必殺増加,4,4,-4,0,0,,,
0,F,無,無のタリスマン,目潰しの,<< >>,致命必殺,10,0,0,2,2,,,
0,F,無,無のタリスマン,前のめりの,<< >>,全力攻撃,5,4,0,0,-4,,,
0,F,無,無のタリスマン,守りに入る,<< >>,防御布陣,2,0,4,-4,0,,,
0,F,無,無のタリスマン,守備寄りの,<< >>,専守防衛,,-6,2,0,0,,,
0,F,無,無のタリスマン,小遣い稼ぎの,<< >>,トレハン,2,-2,0,2,1,,,
0,F,無,無のタリスマン,マジカル,<< >>,魔術放射,4,0,3,1,0,,,
0,F,無,無のタリスマン,一服盛った,<< >>,毒気放射,3,-4,0,0,3,,,
0,F,無,無のタリスマン,駆け足の,<< >>,イベイド,5,0,0,6,0,,,
0,F,無,無のタリスマン,包帯巻きの,<< >>,自己治癒,4,0,6,-3,0,,,
0,F,無,無のタリスマン,ダテメガネの,<< >>,奇襲警戒,5,0,0,-3,-2,,,
0,F,無,無のタリスマン,膝に矢受けた,<< >>,奇襲戦法,5,-6,0,-12,0,,,
0,F,無,無のタリスマン,頭に矢受けた,<< >>,暴走攻撃,5,0,-12,-6,-4,,,
0,F,無,無のタリスマン,働きたくない,<< >>,サボリ癖,,-8,-8,-8,-2,,,
1,E,力,力のタリスマン,壁ドン,<<,城壁崩し,20,16,0,0,-4,,,
1,E,力,力のタリスマン,レンガの,<<,城壁構築,20,2,6,-4,0,,,
1,E,力,力のタリスマン,投石の,<<,遠隔攻撃,,-6,0,-12,0,,,
1,E,力,力のタリスマン,タフな,<<,特攻防御,5,0,12,-20,0,,,
1,E,力,力のタリスマン,鉄拳の,<<,カブト割,5,6,0,0,-4,器,,
1,E,力,力のタリスマン,勇み足の,<<,反撃耐性,15,12,0,-16,0,,,
1,E,力,力のタリスマン,食いしばる,>>,リカバリ,5,10,0,0,1,,,
1,E,力,力のタリスマン,人間賛歌,>>,人間活性,5,2,0,2,0,,,
1,E,力,力のタリスマン,剣壊しの,>>,攻撃削減,5,4,0,-4,0,騎,,
1,E,力,力のタリスマン,盾壊しの,>>,防御削減,5,-4,4,0,0,騎,,
1,E,力,力のタリスマン,脚壊しの,>>,速度削減,5,0,0,4,-4,獣,,
1,E,力,力のタリスマン,頭壊しの,>>,知力削減,5,0,-4,0,2,魔,,
1,E,力,力のタリスマン,腹壊しの,>>,師団弱体,4,-8,-8,-8,-2,蟲,,
1,E,力,力のタリスマン,腰壊しの,>>,麻痺攻撃,2,0,4,-4,0,器,,
1,E,技,技のタリスマン,技ありの,<<,必殺増加,6,5,0,10,0,,,
1,E,技,技のタリスマン,テクニカルな,<<,側面攻撃,1,4,0,6,0,,,
1,E,技,技のタリスマン,先手必勝の,<<,速度布陣,4,2,-2,6,0,飛,,
1,E,技,技のタリスマン,アゲアゲの,<<,攻撃布陣,4,0,4,0,-2,死,,
1,E,技,技のタリスマン,倍返し,<<,報復の牙,2,6,4,0,0,,,
1,E,技,技のタリスマン,病は気から,<<,毒化攻撃,2,4,0,4,0,,,
1,E,技,技のタリスマン,鶴翼の陣,<<,守勢転化,2,0,10,0,0,人,,
1,E,技,技のタリスマン,我慢強い,<< >>,必殺耐性,5,0,4,0,0,,,
1,E,技,技のタリスマン,生存本能,<< >>,致命耐性,10,0,4,0,0,,,
1,E,技,技のタリスマン,点検ヨシ,<< >>,武具研磨,5,4,4,0,0,,,
1,E,技,技のタリスマン,軽やか,>>,パリング,5,0,-2,4,0,,,
1,E,技,技のタリスマン,回し受け,>>,ブロック,10,0,4,-2,0,,,
1,E,技,技のタリスマン,否定する,>>,対術障壁,25,0,2,-2,4,,,
1,E,技,技のタリスマン,弱点付与,>>,強制異常,2,-4,-4,4,0,,,
1,E,知,知恵のタリスマン,火打石の,<<,火炎放射,5,4,0,-4,0,氷,火,
1,E,知,知恵のタリスマン,霧吹きの,<<,水流放射,5,0,-4,4,0,炎,水,
1,E,知,知恵のタリスマン,氷つぶての,<<,氷撃放射,5,-4,0,0,4,雷,水,
1,E,知,知恵のタリスマン,ピリっとくる,<<,雷撃放射,5,0,-6,6,0,海,風,
1,E,知,知恵のタリスマン,ピカピカの,<<,神術放射,5,-6,6,-8,0,魔,光,
1,E,知,知恵のタリスマン,小悪魔の,<<,魔術放射,5,6,-12,0,0,神,闇,
1,E,知,知恵のタリスマン,方円の陣,<<,知勢転化,2,0,0,0,4,樹,,
1,E,知,知恵のタリスマン,とんちの,>>,知力布陣,4,0,0,1,4,,,
1,E,知,知恵のタリスマン,コレクター,>>,トレハン,4,0,0,3,1,器,,
1,E,知,知恵のタリスマン,炎を,>>,火属活性,4,-4,8,4,0,,火,
1,E,知,知恵のタリスマン,氷を,>>,水属活性,4,8,-4,4,0,,水,
1,E,知,知恵のタリスマン,風を,>>,風属活性,4,4,8,-4,0,,風,
1,E,知,知恵のタリスマン,土を,>>,土属活性,4,4,0,8,-4,,土,
1,E,知,知恵のタリスマン,光を,>>,光属活性,4,-4,8,0,4,,光,
1,E,獣,獣性のタリスマン,野獣の,<<,反撃耐性,15,4,4,0,-3,,,
1,E,獣,獣性のタリスマン,雑食の,<<,吸血攻撃,2,8,0,2,-4,蟲,,
1,E,獣,獣性のタリスマン,ハイエナの,<<,報復の牙,4,4,0,14,-2,獣,,
1,E,獣,獣性のタリスマン,鋒矢の陣,<<,速勢転化,2,0,0,10,0,獣,,
1,E,獣,獣性のタリスマン,たのしい,<< >>,全力攻撃,15,6,-6,4,0,夜,,
1,E,獣,獣性のタリスマン,みんなの,<< >>,全体治癒,2,0,6,0,2,,,
1,E,獣,獣性のタリスマン,わくわく,<< >>,戦意高揚,10,5,5,0,0,,,
1,E,獣,獣性のタリスマン,上腕二頭筋,>>,堅守体躯,5,6,6,-24,0,,,
1,E,獣,獣性のタリスマン,獣狩りの,>>,側面攻撃,3,2,0,6,0,獣,,
1,E,獣,獣性のタリスマン,ベジタリアン,>>,自己治癒,6,0,6,0,0,樹,,
1,E,獣,獣性のタリスマン,餓狼の,>>,狂奔の牙,4,12,0,6,-4,,,
1,E,獣,獣性のタリスマン,フレンド,>>,不殺の誓,,6,6,4,0,,,
1,E,獣,獣性のタリスマン,アニマル,>>,獣族活性,4,5,0,5,0,,,
1,E,獣,獣性のタリスマン,デスゲーム,>>,自決自爆,15,15,-15,0,0,死,,
1,E,邪,邪鬼のタリスマン,ゴブリン,<<,致命必殺,10,-6,2,2,-8,女,,
1,E,邪,邪鬼のタリスマン,コボルド,<<,側面攻撃,3,-3,0,6,-3,獣,,
1,E,邪,邪鬼のタリスマン,オーク,<<,反撃耐性,10,0,6,-8,-4,騎,,
1,E,邪,邪鬼のタリスマン,三種の,<<,撃破金運,3,3,3,3,3,,,
1,E,邪,邪鬼のタリスマン,孕み,<<,反撃倍加,1,0,6,-4,0,,,
1,E,邪,邪鬼のタリスマン,魚鱗の陣,<<,攻勢転化,2,10,0,0,0,陸,,
1,E,邪,邪鬼のタリスマン,全力スルー,<< >>,標的後逸,,0,20,-16,-4,,,
1,E,邪,邪鬼のタリスマン,やる気出す,<< >>,戦意高揚,10,0,0,6,0,,,
1,E,邪,邪鬼のタリスマン,有り金溶けた,<< >>,思考停止,,4,4,4,-12,,,
1,E,邪,邪鬼のタリスマン,闇を,>>,闇属活性,4,8,-4,0,4,,闇,
1,E,邪,邪鬼のタリスマン,邪鬼眼の,>>,毒化攻撃,4,0,4,8,-2,,,
1,E,邪,邪鬼のタリスマン,雑魚敵,>>,戦術障壁,10,8,-6,0,0,,,
1,E,邪,邪鬼のタリスマン,シャドー,>>,無形体躯,5,-4,4,-4,0,,,
1,E,邪,邪鬼のタリスマン,アシスト,>>,戦術補助,10,0,6,2,0,,,
1,E,異,異形のタリスマン,弱酸性,<<,強酸放射,3,10,-10,0,2,,,
1,E,異,異形のタリスマン,泥沼の,<<,陸生弱体,5,0,5,10,0,,,
1,E,異,異形のタリスマン,童心に帰る,<<,知力弱体,8,0,-15,0,4,,,
1,E,異,異形のタリスマン,腹筋崩壊の,<<,戦術妨害,10,-12,8,2,-4,,,
1,E,異,異形のタリスマン,石の,<<,特攻防御,10,0,4,-10,0,毒,,
1,E,異,異形のタリスマン,スクリュー,<<,カブト割,5,12,0,6,-4,海,,
1,E,異,異形のタリスマン,カーブ,<<,側面攻撃,3,4,4,0,0,男,,
1,E,異,異形のタリスマン,スプリット,<<,多段攻撃,1,0,0,-16,0,,,
1,E,異,異形のタリスマン,パーム,<<,確率追撃,20,-8,0,8,0,,,
1,E,異,異形のタリスマン,強酸性,>>,強酸砲弾,1,5,-10,0,2,,,
1,E,異,異形のタリスマン,女たらし,>>,夜行生物,15,6,-6,4,-4,女,,
1,E,異,異形のタリスマン,貫き通す,>>,貫通攻撃,,-16,0,-16,0,,,
1,E,異,異形のタリスマン,仮面の,>>,日中適応,,8,-8,0,0,,,
1,E,異,異形のタリスマン,吸い込む,>>,前進防御,,0,8,-8,0,,,
2,E,陸,陸のタリスマン,斬鉄の,<<,カブト割,10,15,0,-10,0,器,,
2,E,陸,陸のタリスマン,頭粉砕の,<<,知力削減,8,0,0,0,4,,,
2,E,陸,陸のタリスマン,食い破る,<<,狂奔の牙,,8,6,0,-2,,,
2,E,陸,陸のタリスマン,剣粉砕の,<<,攻撃削減,8,16,0,0,0,,,
2,E,陸,陸のタリスマン,盾粉砕の,<<,防御削減,8,0,16,0,0,,,
2,E,陸,陸のタリスマン,軽戦士の,<<,攻撃布陣,6,6,0,12,0,,,
2,E,陸,陸のタリスマン,重戦士の,<<,防御布陣,6,2,14,-6,0,,,
2,E,陸,陸のタリスマン,百発二十中の,<<,確率追撃,20,12,0,-4,0,神,,
2,E,陸,陸のタリスマン,脚粉砕の,<<,速度削減,8,0,0,16,0,,,
2,E,陸,陸のタリスマン,十字の傷の,<<,不殺の誓,,12,-3,10,-3,魔,,
2,E,陸,陸のタリスマン,剣折れた,<< >>,戦術妨害,15,-6,1,0,0,騎,,
2,E,陸,陸のタリスマン,行軍,>>,陸生活性,5,10,12,-2,0,,,
2,E,陸,陸のタリスマン,復讐者,>>,報復の牙,8,14,8,0,-2,人,,
2,E,陸,陸のタリスマン,騎士見習いの,>>,騎士活性,5,3,3,1,1,,,
2,E,海,海のタリスマン,嫁の,<<,男性弱体,7,0,6,-4,-6,男,,
2,E,海,海のタリスマン,触手好きの,<<,女性弱体,7,-4,-4,12,0,女,,
2,E,海,海のタリスマン,ビーチで,<<,背水の陣,10,8,8,0,0,,,
2,E,海,海のタリスマン,スイカ割りの,<<,カブト割,10,14,0,0,-6,樹,,
2,E,海,海のタリスマン,水鉄砲,<< >>,水流放射,4,0,0,8,0,炎,,
2,E,海,海のタリスマン,プランクトン,<< >>,対象治癒,16,6,6,0,0,,,
2,E,海,海のタリスマン,水着,<< >>,男性活性,5,0,-6,12,3,男,,
2,E,海,海のタリスマン,下着,<< >>,戦意高揚,15,4,-16,0,6,,,
2,E,海,海のタリスマン,ウェーイ,<< >>,特攻防御,10,0,14,0,-6,,,
2,E,海,海のタリスマン,大海原,>>,海洋活性,5,0,4,0,2,,,
2,E,海,海のタリスマン,海賊の,>>,トレハン,6,6,0,0,3,海,,
2,E,海,海のタリスマン,お宝,>>,撃破金運,4,10,0,4,-2,,,
2,E,海,海のタリスマン,表面張力,>>,パリング,10,6,10,0,0,,,
2,E,海,海のタリスマン,母なる海の,>>,人間活性,5,0,12,0,2,炎,,
2,E,空,空のタリスマン,翼を広げた,<<,速勢転化,3,0,0,14,0,,,
2,E,空,空のタリスマン,軍師の,<<,師団弱体,5,-5,0,0,5,人,,
2,E,空,空のタリスマン,博士号の,<<,知力支配,2,-2,0,-2,2,,,
2,E,空,空のタリスマン,ジェットの,<<,速度支配,5,-2,-2,0,0,,,
2,E,空,空のタリスマン,色即是空,<<,無形体躯,5,-6,6,0,-6,,,
2,E,空,空のタリスマン,レーサー,<<,遠隔攻撃,,-10,0,0,0,超,,
2,E,空,空のタリスマン,見切り,<< >>,イベイド,10,-6,0,24,-6,,,
2,E,空,空のタリスマン,未確認,<< >>,闇雲攻撃,,7,0,5,-3,,,
2,E,空,空のタリスマン,飛び回る,>>,飛行活性,5,2,0,6,0,,,
2,E,空,空のタリスマン,大気汚染の,>>,飛行弱体,7,-12,-8,-4,-4,飛,,
2,E,空,空のタリスマン,指導者の,>>,師団活性,3,3,3,0,1,人,,
2,E,空,空のタリスマン,ニョキニョキ,>>,蟲族支配,3,-4,0,4,-6,女,,
2,E,空,空のタリスマン,飛行物体,>>,矮小体躯,5,-6,-6,6,0,,,
2,E,空,空のタリスマン,マッパの,>>,確率追撃,40,-6,0,12,0,夜,,
2,E,闘,闘争のタリスマン,花見酒で,<<,日中適応,,4,4,12,0,樹,,
2,E,闘,闘争のタリスマン,月見酒で,<<,夜戦適応,,4,0,12,4,夜,,
2,E,闘,闘争のタリスマン,挑戦者,<<,勇猛果敢,,18,0,-8,0,,,
2,E,闘,闘争のタリスマン,狂い咲く,<<,狂奔の牙,6,16,8,0,-4,,,
2,E,闘,闘争のタリスマン,渾身の,<<,乾坤一擲,10,0,6,12,-20,,,
2,E,闘,闘争のタリスマン,地砕き,<<,致命必殺,15,20,-8,8,-2,陸,,
2,E,闘,闘争のタリスマン,一杯,<< >>,必殺増加,10,6,0,14,0,,,
2,E,闘,闘争のタリスマン,護身,<< >>,専守防衛,,-3,10,-3,0,,,
2,E,闘,闘争のタリスマン,研ぎ師,>>,武具研磨,10,14,0,14,0,,,
2,E,闘,闘争のタリスマン,姫はじめ,>>,男性活性,5,6,0,10,-4,女,,
2,E,闘,闘争のタリスマン,花魁の,>>,女性活性,5,15,0,-6,3,男,,
2,E,闘,闘争のタリスマン,桜吹雪の,>>,樹霊活性,5,10,0,10,0,,,
2,E,闘,闘争のタリスマン,唐竹割り,>>,カブト割,10,14,-2,0,0,器,,
2,E,闘,闘争のタリスマン,流れ星,>>,扇形攻撃,,-20,0,-20,0,,,
2,E,信,信念のタリスマン,心頭滅却,<<,凍結攻撃,15,-8,0,15,2,炎,,
2,E,信,信念のタリスマン,奇跡の,<<,リカバリ,10,5,-5,5,0,,,
2,E,信,信念のタリスマン,ブースター,<< >>,術式増幅,5,1,0,6,3,,,
2,E,信,信念のタリスマン,ステッキ,<< >>,バリアー,1,0,8,0,3,,,
2,E,信,信念のタリスマン,祈り,>>,全体治癒,3,0,2,0,4,,,
2,E,信,信念のタリスマン,神託,>>,運命改変,3,10,10,0,4,,,
2,E,信,信念のタリスマン,天罰の,>>,神術砲弾,1,6,2,-2,1,,,
2,E,信,信念のタリスマン,魔砲の,>>,魔術砲弾,1,8,-4,0,3,,,
2,E,信,信念のタリスマン,死者狩り,>>,夜戦適応,,8,8,0,0,死,,
2,E,信,信念のタリスマン,生者狩り,>>,日中適応,,0,0,8,4,人,,
2,E,信,信念のタリスマン,炎の鼓舞,>>,炎霊活性,6,6,0,0,3,樹,火,
2,E,信,信念のタリスマン,稲妻の鼓舞,>>,雷霊活性,6,0,0,6,3,海,風,
2,E,信,信念のタリスマン,氷の鼓舞,>>,氷霊活性,6,0,6,0,3,蟲,水,
2,E,信,信念のタリスマン,ステーキ,>>,ブロック,10,8,12,0,0,獣,,
2,E,苦,苦悶のタリスマン,猛毒の,<<,毒気放射,6,8,0,4,-3,人,,
2,E,苦,苦悶のタリスマン,殺虫剤の,<<,蟲族弱体,6,16,4,-6,0,蟲,,
2,E,苦,苦悶のタリスマン,暗殺の,<<,側面攻撃,6,12,0,8,-4,騎,,
2,E,苦,苦悶のタリスマン,ドーピングの,<<,撃破金運,4,8,8,4,-4,,,
2,E,苦,苦悶のタリスマン,削り取る,<<,解除攻撃,,-8,0,-6,0,,,
2,E,苦,苦悶のタリスマン,泥棒,<<,トレハン,4,4,-3,6,0,人,,
2,E,苦,苦悶のタリスマン,毒手の,<< >>,毒化攻撃,8,12,0,8,0,,,
2,E,苦,苦悶のタリスマン,不意打ちの,<< >>,奇襲戦法,10,0,0,12,3,,,
2,E,苦,苦悶のタリスマン,察知する,<< >>,奇襲警戒,10,0,0,12,3,,,
2,E,苦,苦悶のタリスマン,最高にハイな,<< >>,狂戦士化,15,4,4,4,-4,,,
2,E,苦,苦悶のタリスマン,薔薇トゲの,>>,反撃耐性,15,10,8,-4,0,蟲,,
2,E,苦,苦悶のタリスマン,狙撃兵,>>,遠隔攻撃,,8,-8,0,0,獣,,
2,E,苦,苦悶のタリスマン,過剰摂取の,>>,毒性活性,5,10,0,0,-6,,,
2,E,苦,苦悶のタリスマン,痺れキノコ,>>,麻痺攻撃,1,4,-4,6,0,,,
2,E,幻,幻想のタリスマン,幻惑の,<<,対術結界,10,0,-4,12,3,,,
2,E,幻,幻想のタリスマン,銃騎兵殺しの,<<,砲撃障壁,15,12,4,0,0,騎,,
2,E,幻,幻想のタリスマン,機械音痴の,<<,器兵弱体,7,15,0,0,-6,器,,
2,E,幻,幻想のタリスマン,白昼夢,<< >>,無形体躯,10,-16,8,0,-6,,,
2,E,幻,幻想のタリスマン,映画,<< >>,自決自爆,20,0,-12,12,0,海,,
2,E,幻,幻想のタリスマン,分身殺法,>>,多段攻撃,1,10,-5,10,0,,,
2,E,幻,幻想のタリスマン,カーテン,>>,対術障壁,25,0,6,3,1,,,
2,E,幻,幻想のタリスマン,エアバッグの,>>,自爆障壁,25,4,12,0,0,炎,,
2,E,幻,幻想のタリスマン,かく乱する,>>,速度布陣,5,-4,2,12,0,,,
2,E,幻,幻想のタリスマン,除霊師,>>,解呪治療,,4,0,0,4,死,,
2,E,幻,幻想のタリスマン,マッサージ師,>>,麻痺治療,,0,4,6,0,蟲,,
2,E,幻,幻想のタリスマン,修復師,>>,削減治療,,0,8,0,2,,,
2,E,幻,幻想のタリスマン,幻獣使いの,>>,獣族活性,5,4,0,8,2,獣,,
2,E,幻,幻想のタリスマン,っぽくみえる,>>,リカバリ,10,3,6,0,1,,,
3,D,巨,巨人のタリスマン,鎧の,<<,パリング,15,0,16,-6,0,,,
3,D,巨,巨人のタリスマン,巨翼の,<<,イベイド,20,12,0,6,0,,,
3,D,巨,巨人のタリスマン,前向きに,<<,前進防御,,4,11,0,0,蟲,,
3,D,巨,巨人のタリスマン,破軍の,<<,師団弱体,6,12,6,0,0,騎,,
3,D,巨,巨人のタリスマン,巨拳の,<<,カブト割,15,18,0,-8,0,獣,,
3,D,巨,巨人のタリスマン,進撃の,<<,勇猛果敢,,20,0,0,0,陸,,
3,D,巨,巨人のタリスマン,巨大な,<< >>,堅守体躯,10,0,12,-10,0,,,
3,D,巨,巨人のタリスマン,鋼の,<< >>,必殺耐性,15,5,10,-4,0,,,
3,D,巨,巨人のタリスマン,頑強の,<< >>,致命耐性,25,14,15,7,2,,,
3,D,巨,巨人のタリスマン,大再生の,<< >>,自己治癒,12,0,9,-2,-2,毒,,
3,D,巨,巨人のタリスマン,防衛圏,>>,専守防衛,,15,15,-2,1,,,
3,D,巨,巨人のタリスマン,後ろ向きな,>>,前進防御,,0,11,4,0,毒,,
3,D,巨,巨人のタリスマン,ぶちかまし,>>,全力攻撃,30,8,16,0,0,獣,,
3,D,巨,巨人のタリスマン,巨大怪獣,>>,巨人狩り,15,15,0,0,-15,器,,
3,D,悪,悪魔のタリスマン,闇医者の,<<,全体治癒,4,0,4,1,6,,,
3,D,悪,悪魔のタリスマン,背後の,<<,奇襲戦法,12,5,0,10,0,,,
3,D,悪,悪魔のタリスマン,姑息な,<<,標的後逸,,-5,0,1,0,,,
3,D,悪,悪魔のタリスマン,地下王国の,<<,撃破金運,5,6,0,0,-6,人,,
3,D,悪,悪魔のタリスマン,飲まずには,<<,解毒治療,,6,0,0,-4,男,,
3,D,悪,悪魔のタリスマン,野戦軍医の,<< >>,平等治癒,3,3,0,6,2,,,
3,D,悪,悪魔のタリスマン,光合成の,<< >>,日中再生,16,0,6,0,6,,,
3,D,悪,悪魔のタリスマン,月兎の,<< >>,夜間再生,16,6,0,6,0,,,
3,D,悪,悪魔のタリスマン,酒……！,<< >>,グルメ魂,1,4,0,0,-8,,,
3,D,悪,悪魔のタリスマン,いられない,<< >>,暴走攻撃,5,-8,-8,-8,-4,,,
3,D,悪,悪魔のタリスマン,悪魔神官,>>,魔族医療,6,5,5,0,1,,,
3,D,悪,悪魔のタリスマン,看破力,>>,奇襲警戒,12,0,11,0,4,,,
3,D,悪,悪魔のタリスマン,大怪盗,>>,トレハン,8,-4,4,5,0,騎,,
3,D,悪,悪魔のタリスマン,悪魔的,>>,魔族活性,7,8,0,0,4,人,,
3,D,造,造魔のタリスマン,腹マイトの,<<,自決自爆,20,10,-10,0,0,器,,
3,D,造,造魔のタリスマン,重機,<<,城壁崩し,35,12,0,4,0,,,
3,D,造,造魔のタリスマン,建築土の,<<,城壁構築,35,0,12,0,7,,,
3,D,造,造魔のタリスマン,展開する,<<,バリアー,2,-2,5,0,2,,,
3,D,造,造魔のタリスマン,弾幕射撃の,<<,砲撃結界,10,0,0,8,4,,,
3,D,造,造魔のタリスマン,スライミー,<<,無形体躯,10,-6,6,0,-6,,,
3,D,造,造魔のタリスマン,防弾ベストの,<< >>,砲撃障壁,20,9,19,2,2,,,
3,D,造,造魔のタリスマン,ジャマーの,<< >>,戦術妨害,20,-6,10,0,1,雷,,
3,D,造,造魔のタリスマン,迷宮の,<< >>,夜戦適応,,4,0,4,0,,,
3,D,造,造魔のタリスマン,キャンセラー,>>,対術結界,20,0,8,0,5,,,
3,D,造,造魔のタリスマン,詠唱阻止,>>,戦術障壁,20,0,16,5,7,,,
3,D,造,造魔のタリスマン,アルケミー,>>,武具研磨,20,0,5,0,1,器,,
3,D,造,造魔のタリスマン,整備士の,>>,削減治療,,6,0,6,0,器,,
3,D,造,造魔のタリスマン,心！,>>,異常耐性,,-4,-4,-4,2,,,
3,D,竜,竜のタリスマン,暴走する,<<,闇雲攻撃,,15,-4,7,-16,,,
3,D,竜,竜のタリスマン,財宝の,<<,トレハン,6,5,-2,5,0,竜,,
3,D,竜,竜のタリスマン,金翼の,<<,撃破金運,5,0,0,18,5,夜,,
3,D,竜,竜のタリスマン,ドラゴン,>>,竜鱗守護,25,16,16,-16,4,,,
3,D,竜,竜のタリスマン,竜姫,>>,竜族活性,6,4,0,1,0,,,
3,D,竜,竜のタリスマン,捨て身,>>,全力攻撃,30,28,-12,5,0,竜,,
3,D,竜,竜のタリスマン,竜撃,>>,反撃耐性,25,16,0,0,0,竜,,
3,D,竜,竜のタリスマン,乱れ打ち,>>,多段攻撃,2,-10,0,2,-5,,,
3,D,竜,竜のタリスマン,心臓喰い,>>,心核穿ち,10,9,-8,0,-4,,,
3,D,竜,竜のタリスマン,竜血の,>>,リカバリ,15,12,8,0,0,,,
3,D,竜,竜のタリスマン,放浪料理人,>>,グルメ魂,2,0,6,0,2,,,
3,D,竜,竜のタリスマン,咆哮する,>>,戦術結界,10,0,14,6,5,,,
3,D,竜,竜のタリスマン,暴竜拳,>>,必殺増加,15,6,12,0,0,飛,,
3,D,竜,竜のタリスマン,波濤拳,>>,遠隔攻撃,,16,0,0,0,人,,
3,D,歴,歴戦のタリスマン,勇気ある,<<,勇猛果敢,,15,15,0,0,死,,
3,D,歴,歴戦のタリスマン,飛翔する,<<,遠隔攻撃,,15,0,0,0,飛,,
3,D,歴,歴戦のタリスマン,怒りの,<<,反撃倍加,2,9,12,0,-2,,,
3,D,歴,歴戦のタリスマン,戦斧の,<<,カブト割,15,12,8,-4,0,獣,,
3,D,歴,歴戦のタリスマン,鉄腕の,<<,戦意高揚,15,15,0,5,4,,,
3,D,歴,歴戦のタリスマン,連撃,>>,確率追撃,50,8,1,8,0,器,,
3,D,歴,歴戦のタリスマン,聖撃,>>,必殺増加,15,12,-4,2,0,夜,,
3,D,歴,歴戦のタリスマン,魔の一撃,>>,致命必殺,20,12,2,-4,0,神,,
3,D,歴,歴戦のタリスマン,先導者,>>,人間活性,6,10,10,0,2,魔,,
3,D,歴,歴戦のタリスマン,マン,>>,堅守体躯,10,10,0,0,0,魔,,
3,D,凶,凶事のタリスマン,ヴァンプの,<<,吸血攻撃,5,10,10,0,0,人,,
3,D,凶,凶事のタリスマン,血清の,<<,解毒治療,,0,5,-5,3,毒,,
3,D,凶,凶事のタリスマン,ズル賢い,<<,資源工面,25,0,7,0,6,,,
3,D,凶,凶事のタリスマン,痺れ牙,>>,麻痺攻撃,2,8,0,10,0,,,
3,D,凶,凶事のタリスマン,リベンジャー,>>,報復の牙,10,-15,0,-10,5,,,
3,D,凶,凶事のタリスマン,感染者,>>,強制異常,5,-10,0,10,-2,,,
3,D,凶,凶事のタリスマン,サキュバス,>>,男性活性,6,3,0,5,3,男,,
3,D,凶,凶事のタリスマン,インキュバス,>>,女性活性,6,3,5,0,3,女,,
3,D,凶,凶事のタリスマン,処刑人,>>,カブト割,15,16,4,-10,0,死,,
3,D,蟲,蟲のタリスマン,炎を放つ,<<,大火炎陣,3,8,0,0,3,,,
3,D,蟲,蟲のタリスマン,水を飛ばす,<<,大水流陣,3,0,8,0,3,,,
3,D,蟲,蟲のタリスマン,凍てつく,<<,大氷撃陣,3,0,5,3,3,,,
3,D,蟲,蟲のタリスマン,痺れさせる,<<,大雷撃陣,3,0,0,8,3,,,
3,D,蟲,蟲のタリスマン,劇毒の,<<,大毒気陣,3,5,3,0,3,,,
3,D,蟲,蟲のタリスマン,光に満ちた,<<,大神術陣,3,3,3,3,3,,,
3,D,蟲,蟲のタリスマン,魔力の塊の,<<,大魔術陣,3,1,5,1,4,,,
3,D,蟲,蟲のタリスマン,スイート,<<,対術吸収,10,0,8,-6,2,,,
3,D,蟲,蟲のタリスマン,熱い,>>,火炎砲弾,2,10,0,0,0,,,
3,D,蟲,蟲のタリスマン,溺れた,>>,水流砲弾,2,0,10,0,0,,,
3,D,蟲,蟲のタリスマン,寒い,>>,氷撃砲弾,2,0,0,10,0,,,
3,D,蟲,蟲のタリスマン,感電した,>>,雷撃砲弾,2,0,0,0,4,,,
3,D,蟲,蟲のタリスマン,毒を浴びた,>>,毒気砲弾,2,4,0,0,3,,,
3,D,蟲,蟲のタリスマン,ライダー,>>,必殺増加,15,8,0,8,0,魔,,
4,C,英,英雄のタリスマン,英傑の,<<,巨人狩り,20,7,15,0,3,魔,,
4,C,英,英雄のタリスマン,心臓抜きの,<<,心核穿ち,15,24,0,-8,0,人,,
4,C,英,英雄のタリスマン,堅牢なる,<<,城壁構築,100,0,24,-3,2,騎,,
4,C,英,英雄のタリスマン,喧嘩バトル,<<,城壁崩し,100,16,0,4,-6,器,,
4,C,英,英雄のタリスマン,決死の,<< >>,自決自爆,10,8,-10,0,1,竜,,
4,C,英,英雄のタリスマン,破壊者の,<< >>,多段攻撃,1,15,0,10,0,人,,
4,C,英,英雄のタリスマン,威光,>>,必殺増加,15,7,0,15,3,神,,
4,C,英,英雄のタリスマン,クリティカル,>>,致命必殺,25,25,9,0,0,男,,
4,C,英,英雄のタリスマン,戯れ,>>,不殺の誓,,19,5,18,-3,女,,
4,C,英,英雄のタリスマン,エリート幽霊,>>,夜行活性,7,8,3,7,0,,,
4,C,英,英雄のタリスマン,伝承紡ぎ,>>,神族活性,7,5,8,0,1,,,
4,C,英,英雄のタリスマン,ワンパン,>>,乾坤一擲,15,0,0,20,-15,魔,,
4,C,賢,賢者のタリスマン,策略の,<<,師団弱体,7,-8,0,-5,3,,,
4,C,賢,賢者のタリスマン,バリアの,<<,バリアー,3,0,3,0,2,,,
4,C,賢,賢者のタリスマン,剣避けの,<<,パリング,20,0,12,8,0,,,
4,C,賢,賢者のタリスマン,抗体の,<<,異常耐性,,-5,10,0,4,,,
4,C,賢,賢者のタリスマン,多重詠唱の,<<,術式増幅,10,6,-4,0,6,,,
4,C,賢,賢者のタリスマン,爆破封じの,<< >>,自爆結界,15,3,15,0,2,器,,
4,C,賢,賢者のタリスマン,賢き者,>>,師団活性,5,-10,-10,2,4,蟲,,
4,C,賢,賢者のタリスマン,天才術士,>>,砲撃結界,15,-5,5,0,1,,,
4,C,賢,賢者のタリスマン,矢避け,>>,イベイド,20,0,8,16,0,,,
4,C,賢,賢者のタリスマン,妖医術,>>,魔族医療,10,-3,0,-3,6,,,
4,C,賢,賢者のタリスマン,探求者,>>,トレハン,10,0,0,8,4,器,,
4,C,賢,賢者のタリスマン,ぬんじゃ,>>,標的後逸,,6,0,6,0,人,,
4,C,命,命のタリスマン,天の恵みの,<< >>,全体治癒,5,-6,-3,0,5,,,
4,C,命,命のタリスマン,器の大きな,<< >>,堅守体躯,15,3,10,0,3,,,
4,C,命,命のタリスマン,環境適応の,<< >>,特攻防御,20,0,5,5,3,,,
4,C,命,命のタリスマン,命輝く,>>,自己治癒,16,0,12,0,3,死,,
4,C,命,命のタリスマン,ゴッドハンド,>>,対象治癒,24,0,5,15,4,,,
4,C,命,命のタリスマン,地の恵み,>>,全体治癒,6,-4,0,-4,6,,,
4,C,命,命のタリスマン,輪廻転生,>>,リカバリ,20,8,0,6,0,,,
4,C,命,命のタリスマン,命知らず,>>,先陣の誉,,10,-2,7,0,,,
4,C,命,命のタリスマン,野生の本能,>>,獣族活性,7,10,3,8,3,樹,,
4,C,命,命のタリスマン,クッション,>>,無形体躯,15,-8,8,0,0,,,
4,C,骸,骸のタリスマン,魔力摘出の,<<,戦術補助,20,2,0,15,7,魔,,
4,C,骸,骸のタリスマン,亜空間の,<<,戦術障壁,25,7,10,0,8,,,
4,C,骸,骸のタリスマン,採掘の,<<,撃破金運,5,0,14,5,1,器,,
4,C,骸,骸のタリスマン,断絶する,<<,対術結界,15,0,0,8,5,,,
4,C,骸,骸のタリスマン,アンデッド,<<,無形体躯,15,6,12,0,-4,,,
4,C,骸,骸のタリスマン,魂抜きの,<< >>,呪の一撃,,20,-4,-4,6,,,
4,C,骸,骸のタリスマン,心臓矢受けた,<< >>,暴走攻撃,10,12,-8,-4,-2,,,
4,C,骸,骸のタリスマン,掘出物,>>,トレハン,10,6,14,0,1,蟲,,
4,C,骸,骸のタリスマン,幻想世界,>>,対術結界,25,3,5,0,5,,,
4,C,骸,骸のタリスマン,波動砲,>>,神術砲弾,2,0,11,1,5,,,
4,C,骸,骸のタリスマン,邪念砲,>>,魔術砲弾,2,9,0,3,5,,,
4,C,骸,骸のタリスマン,ゴースト,>>,死者活性,6,6,6,0,-4,神,,
5,B,王,王者のタリスマン,引力の,<<,側面攻撃,8,8,0,10,0,,,
5,B,王,王者のタリスマン,刃を構える,<<,反撃倍加,3,5,18,-2,0,,,
5,B,王,王者のタリスマン,覚悟の,<<,致命必殺,25,15,5,8,0,器,,
5,B,王,王者のタリスマン,覇王連撃の,<< >>,確率追撃,60,6,-4,8,0,氷,,
5,B,王,王者のタリスマン,選ばれし,<< >>,全力攻撃,40,32,-8,3,-1,魔,,
5,B,王,王者のタリスマン,射抜く神槍,>>,貫通攻撃,,25,0,5,0,,,
5,B,王,王者のタリスマン,振るう神槌,>>,扇形攻撃,,20,10,0,0,,,
5,B,王,王者のタリスマン,大切断,>>,必殺増加,20,28,0,5,-2,樹,,
5,B,王,王者のタリスマン,宝剣,>>,カブト割,20,9,9,5,0,魔,,
5,B,王,王者のタリスマン,キング,>>,十字攻撃,,10,-15,-30,0,,,
5,B,王,王者のタリスマン,スペード,>>,遠隔攻撃,,25,0,0,-15,陸,,
5,B,王,王者のタリスマン,クラブ,>>,多段攻撃,2,15,-30,-15,0,,,
5,B,王,王者のタリスマン,ダイヤ,>>,乾坤一擲,20,0,0,30,-10,神,,
5,B,王,王者のタリスマン,ハート,>>,無形体躯,20,0,15,-30,5,,,
5,B,使,使徒のタリスマン,封ずる,<<,封印攻撃,,0,10,14,0,,,
5,B,使,使徒のタリスマン,天鏡の,<<,砲撃結界,20,0,10,5,0,,,
5,B,使,使徒のタリスマン,看病の,<< >>,解毒治療,,0,18,0,5,毒,,
5,B,使,使徒のタリスマン,治癒の煌めき,>>,全体治癒,8,0,10,6,2,,,
5,B,使,使徒のタリスマン,平和の輝き,>>,平等治癒,5,0,12,7,3,,,
5,B,使,使徒のタリスマン,魔性の光,>>,魔族医療,12,0,11,9,1,,,
5,B,使,使徒のタリスマン,生け贄,>>,吸血攻撃,7,20,-5,10,0,女,,
5,B,使,使徒のタリスマン,疫病,>>,複数異常,,0,0,13,-1,,,
5,B,使,使徒のタリスマン,浸蝕する,>>,強制異常,10,0,0,8,0,,,
5,B,使,使徒のタリスマン,天の雷,>>,遠隔攻撃,,20,0,0,5,飛,,
5,B,使,使徒のタリスマン,ラック,>>,運命改変,8,0,12,0,0,,,
5,B,使,使徒のタリスマン,アンラック,>>,背水の陣,10,12,0,0,0,,,
5,B,革,革新のタリスマン,瞬きの,<<,パリング,25,7,12,0,0,,,
5,B,革,革新のタリスマン,金星の,<<,撃破金運,6,0,16,4,2,男,,
5,B,革,革新のタリスマン,ミラーボール,<<,無形体躯,20,0,12,0,3,,,
5,B,革,革新のタリスマン,偉大なる,<< >>,前進防御,,16,10,0,2,海,,
5,B,革,革新のタリスマン,星の守り,>>,ブロック,15,1,9,9,0,雷,,
5,B,革,革新のタリスマン,散りゆく,>>,自決自爆,15,20,-20,0,-1,樹,,
5,B,革,革新のタリスマン,ストラトス,>>,対術吸収,10,5,15,0,3,,,
5,B,革,革新のタリスマン,オゾンホール,>>,砲撃吸収,20,10,8,12,6,,,
5,B,革,革新のタリスマン,ミルキウェイ,>>,戦術結界,15,0,14,6,5,,,
5,B,革,革新のタリスマン,超幸運,>>,トレハン,12,5,16,0,2,死,,
5,B,鬼,鬼哭のタリスマン,サツマイモ手,<<,毒化攻撃,12,18,0,12,0,人,,
5,B,鬼,鬼哭のタリスマン,全力集中の,<<,巨人狩り,25,16,0,12,0,魔,,
5,B,鬼,鬼哭のタリスマン,ヒュンヒュン,<<,確率追撃,65,12,8,0,0,人,,
5,B,鬼,鬼哭のタリスマン,雄大な,<< >>,堅守体躯,20,18,0,10,0,,,
5,B,鬼,鬼哭のタリスマン,狂戦士の,>>,狂戦士化,20,12,-15,12,-4,,,
5,B,鬼,鬼哭のタリスマン,血に飢える,>>,戦意高揚,20,20,15,0,1,,,
5,B,鬼,鬼哭のタリスマン,因果応報,>>,報復の牙,16,15,10,0,-1,神,,
5,B,鬼,鬼哭のタリスマン,死狂い,>>,狂奔の牙,10,10,0,5,-2,,,
5,B,鬼,鬼哭のタリスマン,プロミネンス,>>,太陽信仰,40,3,10,3,5,夜,,
5,B,鬼,鬼哭のタリスマン,闇に生きる,>>,夜行生物,40,10,3,10,3,人,,
5,B,鬼,鬼哭のタリスマン,無痛症の,>>,反撃耐性,30,-15,20,5,1,死,,
5,B,鬼,鬼哭のタリスマン,デタラメ,>>,闇雲攻撃,,14,-6,20,0,,,
5,B,鬼,鬼哭のタリスマン,鬼狩りの,>>,カブト割,20,16,8,0,0,死,,
5,B,鬼,鬼哭のタリスマン,呼吸の,>>,リカバリ,30,12,12,0,0,,,
6,A,帝,帝王のタリスマン,神域の,<<,バリアー,4,-5,12,0,0,,,
6,A,帝,帝王のタリスマン,大結界師,<<,対術結界,30,2,15,1,2,,,
6,A,帝,帝王のタリスマン,アブソーバー,<<,対術吸収,15,10,3,17,4,,,
6,A,帝,帝王のタリスマン,王はただ一人,<<,背水の陣,15,18,15,16,5,,,
6,A,帝,帝王のタリスマン,完全無欠の,<< >>,異常耐性,,5,25,0,3,,,
6,A,帝,帝王のタリスマン,夜を支配する,<< >>,夜戦適応,,5,15,5,7,神,,
6,A,帝,帝王のタリスマン,陽光に君臨す,<< >>,日中適応,,15,5,15,2,魔,,
6,A,帝,帝王のタリスマン,リフレクター,>>,対術反射,15,10,17,3,4,,,
6,A,帝,帝王のタリスマン,大砲界師,>>,砲撃結界,25,0,15,3,2,,,
6,A,帝,帝王のタリスマン,鍛冶王の,>>,武具研磨,30,10,0,0,2,器,,
6,A,帝,帝王のタリスマン,エンペラー,>>,遠隔攻撃,,15,0,10,0,神,,
6,A,帝,帝王のタリスマン,イカ,>>,グルメ魂,3,0,6,0,2,,,
6,A,神,神のタリスマン,神速の,<<,確率追撃,80,15,0,15,0,魔,,
6,A,神,神のタリスマン,一撃必殺の,<<,乾坤一擲,25,0,15,8,-5,器,,
6,A,神,神のタリスマン,神狩りの,<<,カブト割,25,18,10,0,0,神,,
6,A,神,神のタリスマン,竜帝の,<<,竜鱗守護,40,15,10,-4,2,,,
6,A,神,神のタリスマン,無に帰す,<<,解除攻撃,,-5,20,20,4,器,,
6,A,神,神のタリスマン,二撃滅殺,>>,致命必殺,30,18,0,12,1,死,,
6,A,神,神のタリスマン,乱撃,>>,多段攻撃,2,21,0,21,0,,,
6,A,神,神のタリスマン,天刃,>>,側面攻撃,12,12,8,2,2,魔,,
6,A,神,神のタリスマン,支配者,>>,神族活性,10,15,15,0,2,,,
6,A,尾,尾のタリスマン,ハピラキ,<<,トレハン,8,0,18,0,7,魔,,
6,A,尾,尾のタリスマン,全力回避の,<<,イベイド,25,0,12,20,0,,,
6,A,尾,尾のタリスマン,グッドラック,>>,トレハン,14,0,25,5,10,獣,,
6,A,尾,尾のタリスマン,もふもふ防御,>>,特攻防御,30,0,16,0,2,,,
6,A,尾,尾のタリスマン,九尾の護り,>>,ブロック,20,0,9,0,5,炎,,
6,A,尾,尾のタリスマン,白虎の加護,>>,攻撃布陣,15,25,0,0,1,獣,,
6,A,尾,尾のタリスマン,玄武の加護,>>,防御布陣,15,0,25,0,1,蟲,,
6,A,尾,尾のタリスマン,朱雀の加護,>>,速度布陣,15,0,0,25,1,死,,
6,A,尾,尾のタリスマン,青龍の加護,>>,知力布陣,10,5,5,5,9,飛,,
6,A,尾,尾のタリスマン,麒麟の加護,>>,対術結界,30,0,16,8,4,魔,,
6,A,尾,尾のタリスマン,応龍の加護,>>,堅守体躯,20,10,20,0,-5,竜,,
6,A,尾,尾のタリスマン,女神の加護,>>,運命改変,12,8,8,8,4,死,,
6,A,尾,尾のタリスマン,ドグマの加護,>>,カブト割,20,12,-18,6,0,竜,,
6,A,尾,尾のタリスマン,パズル,>>,解除攻撃,,8,0,0,8,器,,
6,A,機,機巧のタリスマン,爆風封印の,<<,自爆結界,25,4,17,0,6,,,
6,A,機,機巧のタリスマン,砲撃を統べる,<<,砲撃結界,30,0,18,6,0,,,
6,A,機,機巧のタリスマン,仮想現実の,<<,戦術結界,15,0,0,24,0,,,
6,A,機,機巧のタリスマン,平和主義の,<< >>,専守防衛,,20,20,4,0,,,
6,A,機,機巧のタリスマン,ウルトラ,<< >>,堅守体躯,25,20,10,0,-5,,,
6,A,機,機巧のタリスマン,全身矢受けた,<< >>,暴走攻撃,15,24,-16,-8,-4,,,
6,A,機,機巧のタリスマン,空を統べる,>>,飛行活性,10,20,10,0,1,,,
6,A,機,機巧のタリスマン,機を統べる,>>,器兵活性,10,20,3,3,5,,,
6,A,機,機巧のタリスマン,竜を統べる,>>,竜族活性,10,20,8,5,0,,,
6,A,機,機巧のタリスマン,魔を統べる,>>,魔族活性,10,20,0,10,1,,,
6,A,機,機巧のタリスマン,人を統べる,>>,人間活性,10,20,5,8,3,人,,
6,A,機,機巧のタリスマン,超感覚,>>,パリング,30,10,15,5,0,,,
6,A,機,機巧のタリスマン,玉砕覚悟,>>,自決自爆,35,25,-20,20,0,魔,,
6,A,機,機巧のタリスマン,料理マシーン,>>,グルメ魂,4,0,0,16,0,海,,
7,S,真,真理のタリスマン,聖壁の,<<,バリアー,5,1,18,-5,1,,,
7,S,真,真理のタリスマン,創世の,<<,平等治癒,8,0,7,17,7,毒,,
7,S,真,真理のタリスマン,血の乾きの,<<,魔族医療,16,15,9,0,3,,,
7,S,真,真理のタリスマン,天界殺しの,<<,超越弱体,24,16,0,5,-1,超,,
7,S,真,真理のタリスマン,終末の,<<,師団弱体,12,8,8,-4,3,,,
7,S,真,真理のタリスマン,武器崩壊の,<<,攻撃弱体,24,0,19,0,0,,,
7,S,真,真理のタリスマン,盾崩壊の,<<,防御弱体,24,19,0,0,0,,,
7,S,真,真理のタリスマン,具足崩壊の,<<,速度弱体,24,0,0,19,0,器,,
7,S,真,真理のタリスマン,魔導書崩壊の,<<,知力弱体,24,0,0,0,7,,,
7,S,真,真理のタリスマン,詠唱根絶の,<<,戦術妨害,25,0,12,7,8,魔,,
7,S,真,真理のタリスマン,根源,>>,術式増幅,15,-1,10,0,8,,,
7,S,真,真理のタリスマン,森羅万象,>>,神術砲弾,3,3,14,0,7,,,
7,S,真,真理のタリスマン,天地開闢,>>,魔術砲弾,3,14,0,3,6,,,
7,S,真,真理のタリスマン,救世主,>>,全体治癒,12,14,9,0,4,,,
7,S,破,破滅のタリスマン,羅利の,<<,カブト割,30,22,10,0,0,飛,,
7,S,破,破滅のタリスマン,リッパーの,<<,貫通攻撃,,30,20,5,0,,,
7,S,破,破滅のタリスマン,阿修羅の,<<,扇形攻撃,,20,0,10,3,,,
7,S,破,破滅のタリスマン,リベンジの,<<,反撃倍加,4,10,24,0,0,,,
7,S,破,破滅のタリスマン,窮地回避の,<<,必殺耐性,25,9,26,0,0,,,
7,S,破,破滅のタリスマン,喰い荒らす,<<,狂奔の牙,12,20,0,20,-2,,,
7,S,破,破滅のタリスマン,天速斬撃,>>,確率追撃,100,22,0,15,0,死,,
7,S,破,破滅のタリスマン,鬼神,>>,必殺増加,25,18,15,0,0,飛,,
7,S,破,破滅のタリスマン,終わりを司る,>>,致命必殺,40,8,-8,25,0,魔,,
7,S,破,破滅のタリスマン,全身全霊,>>,全力攻撃,50,40,-16,15,0,神,,
7,S,破,破滅のタリスマン,無尽,>>,反撃耐性,40,20,20,0,0,超,,
7,S,破,破滅のタリスマン,心眼,>>,心核穿ち,40,25,0,0,4,器,,
7,S,破,破滅のタリスマン,未来予知,>>,致命耐性,50,0,24,10,1,,,
7,S,破,破滅のタリスマン,一騎当千,>>,背水の陣,30,25,20,15,7,,,
7,S,運,運命のタリスマン,黎明の,<<,トレハン,10,22,0,5,7,超,,
7,S,運,運命のタリスマン,強固の,<<,対術障壁,60,15,20,15,8,,,
7,S,運,運命のタリスマン,発狂の,<<,闇雲攻撃,,25,-10,25,-5,,,
7,S,運,運命のタリスマン,存在秘匿の,<< >>,標的後逸,,5,-10,20,4,超,,
7,S,運,運命のタリスマン,病巣の,<< >>,複数異常,,0,9,24,2,,,
7,S,運,運命のタリスマン,汚染の,<< >>,虹の毒撃,5,10,20,0,0,,,
7,S,運,運命のタリスマン,無為消失,>>,無効喰い,10,-10,-10,-10,-10,,,
7,S,運,運命のタリスマン,豪運,>>,トレハン,16,10,20,10,9,夜,,
7,S,運,運命のタリスマン,宿命,>>,特攻防御,40,8,22,1,0,,,
7,S,運,運命のタリスマン,捌き,>>,パリング,35,-2,25,7,0,,,
7,S,運,運命のタリスマン,女神,>>,イベイド,25,-2,0,30,0,,,
7,S,運,運命のタリスマン,竜王,>>,竜鱗守護,60,22,19,-10,0,,,
7,S,運,運命のタリスマン,ボムバリア,>>,自爆結界,30,5,21,5,5,氷,,
7,S,運,運命のタリスマン,フィールド,>>,戦術結界,20,0,18,0,8,,,
7,S,刹,刹那のタリスマン,大工房の,<<,武具研磨,40,17,17,17,5,,,
7,S,刹,刹那のタリスマン,タイタンの,<<,カブト割,30,30,10,0,0,陸,,
7,S,刹,刹那のタリスマン,因果率の,<<,運命改変,15,5,15,5,7,超,,
7,S,刹,刹那のタリスマン,腐蝕の,<<,強酸砲弾,4,20,-5,0,0,,,
7,S,刹,刹那のタリスマン,全力消化の,<<,大強酸陣,8,0,20,-5,0,,,
7,S,刹,刹那のタリスマン,利那的な,<<,致命必殺,50,15,0,30,0,器,,
7,S,刹,刹那のタリスマン,時を支配する,<<,停止攻撃,5,-20,-20,-20,-20,,,
7,S,刹,刹那のタリスマン,鎧袖一触,>>,乾坤一擲,30,15,0,20,0,飛,,
7,S,刹,刹那のタリスマン,到達者,>>,師団支配,5,4,4,4,2,,,
7,S,刹,刹那のタリスマン,怪力乱神,>>,全力攻撃,60,40,0,0,0,魔,,
7,S,刹,刹那のタリスマン,金剛不壊,>>,堅守体躯,30,0,40,0,0,,,
7,S,刹,刹那のタリスマン,疾風迅雷,>>,十字攻撃,,20,0,20,0,,,
7,S,刹,刹那のタリスマン,宮廷料理人,>>,グルメ魂,5,12,0,0,4,,,
7,S,刹,刹那のタリスマン,宇宙怪獣,>>,巨人狩り,40,15,0,0,-15,器,,
8,S,創,創世のタリスマン,天盾の,<<,ブロック,25,10,17,5,0,氷,,
8,S,創,創世のタリスマン,天炎の,<<,大火炎陣,10,22,0,0,6,,,
8,S,創,創世のタリスマン,壊水の,<<,大水流陣,10,0,22,0,6,,,
8,S,創,創世のタリスマン,滅氷の,<<,大氷撃陣,10,15,7,0,6,,,
8,S,創,創世のタリスマン,轟雷の,<<,大雷撃陣,10,0,0,22,6,,,
8,S,創,創世のタリスマン,黙示録,>>,自決自爆,25,32,-25,18,1,神,,
8,S,創,創世のタリスマン,限界突破,>>,戦術補助,25,0,19,10,8,飛,,
8,S,創,創世のタリスマン,常闇,>>,対術結界,40,15,15,4,6,夜,,
8,S,創,創世のタリスマン,遮断空間,>>,戦術障壁,50,0,30,0,10,,,
8,S,創,創世のタリスマン,封絶世界,>>,自爆結界,40,0,27,0,9,雷,,
8,S,創,創世のタリスマン,覚醒者,>>,必殺耐性,25,18,24,0,5,,,
8,S,創,創世のタリスマン,傲慢,>>,不殺の誓,,30,10,0,5,飛,,
8,S,創,創世のタリスマン,叡智,>>,戦意高揚,30,0,20,10,8,,,
8,S,創,創世のタリスマン,クリエイト,>>,トレハン,18,0,18,12,7,死,,
8,S,冥,冥府のタリスマン,獄滅の,<<,多段攻撃,2,20,15,5,0,神,,
8,S,冥,冥府のタリスマン,病魔の,<<,強制異常,10,-5,16,20,4,,,
8,S,冥,冥府のタリスマン,魔王の,<<,必殺増加,25,22,14,5,0,神,,
8,S,冥,冥府のタリスマン,不老不死の,<< >>,リカバリ,40,0,25,5,2,,,
8,S,冥,冥府のタリスマン,極めし者,>>,側面攻撃,15,19,4,19,0,飛,,
8,S,冥,冥府のタリスマン,禁忌,>>,狂戦士化,25,18,6,6,-4,,,
8,S,冥,冥府のタリスマン,剛撃,>>,致命必殺,50,30,5,0,-5,器,,
8,S,冥,冥府のタリスマン,地獄の炎,>>,火炎砲弾,6,20,0,0,5,氷,,
8,S,冥,冥府のタリスマン,悪夢の水,>>,水流砲弾,6,0,20,0,5,雷,,
8,S,冥,冥府のタリスマン,冥界の氷柱,>>,氷撃砲弾,6,0,0,20,5,炎,,
8,S,冥,冥府のタリスマン,闇の稲妻,>>,雷撃砲弾,6,10,0,10,7,海,,
8,S,冥,冥府のタリスマン,邪悪な猛毒,>>,毒気砲弾,6,20,10,0,7,蟲,,
8,S,冥,冥府のタリスマン,凱歌,>>,超越活性,12,12,12,0,8,死,,
8,S,冥,冥府のタリスマン,狂乱,>>,師団活性,10,10,10,10,1,氷,,
8,S,禁,禁忌のタリスマン,ニノ太刀の,<<,反撃倍加,5,5,40,0,4,,,
8,S,禁,禁忌のタリスマン,壮絶な,<<,致命必殺,50,24,0,16,0,飛,,
8,S,禁,禁忌のタリスマン,極致の,<<,カブト割,35,45,0,0,0,器,,
8,S,禁,禁忌のタリスマン,悲憤の,<<,心核穿ち,30,20,15,10,3,神,,
8,S,禁,禁忌のタリスマン,立ち向かう,<<,戦意高揚,30,17,17,10,2,,,
8,S,禁,禁忌のタリスマン,空虚の,<< >>,神術砲弾,5,10,5,5,12,魔,,
8,S,禁,禁忌のタリスマン,壊音の,<< >>,大魔術陣,12,5,5,10,12,神,,
8,S,禁,禁忌のタリスマン,光速斬撃,>>,確率追撃,125,25,0,20,0,超,,
8,S,禁,禁忌のタリスマン,破壌神,>>,必殺増加,30,45,0,0,0,器,,
8,S,禁,禁忌のタリスマン,滅殺王,>>,多段攻撃,3,20,5,25,0,魔,,
8,S,禁,禁忌のタリスマン,塵に帰す,>>,術式増幅,20,-5,0,25,12,,,
8,S,禁,禁忌のタリスマン,存在抹消,>>,無形体躯,25,5,15,0,0,,,
8,S,禁,禁忌のタリスマン,天童,>>,竜鱗守護,100,25,25,-5,0,,,
8,S,禁,禁忌のタリスマン,神話,>>,師団活性,12,13,13,13,4,夜,,
8,S,楽,楽園のタリスマン,頂点の,<<,特攻防御,50,5,35,0,6,,,
8,S,楽,楽園のタリスマン,至高の,<<,パリング,35,20,25,0,3,,,
8,S,楽,楽園のタリスマン,無限の,<<,イベイド,30,0,20,30,0,,,
8,S,楽,楽園のタリスマン,億万長者の,<<,トレハン,12,0,20,-10,5,人,,
8,S,楽,楽園のタリスマン,古今無双の,<<,確率追撃,100,25,0,25,-15,飛,,
8,S,楽,楽園のタリスマン,超越者,>>,ブロック,25,-5,25,0,-5,超,,
8,S,楽,楽園のタリスマン,支配領域,>>,バリアー,5,3,40,3,3,蟲,,
8,S,楽,楽園のタリスマン,究極世界,>>,対術結界,45,0,15,0,10,超,,
8,S,楽,楽園のタリスマン,異次元の,>>,砲撃結界,35,10,10,10,0,,,
8,S,楽,楽園のタリスマン,封鎖地帯,>>,戦術結界,25,5,20,0,5,,,
8,S,楽,楽園のタリスマン,金庫番,>>,トレハン,20,10,0,10,5,器,,
8,S,楽,楽園のタリスマン,福音,>>,平等治癒,12,0,30,0,10,死,,
8,S,楽,楽園のタリスマン,俺様ルール,>>,強制異常,15,0,15,50,0,神,,
8,S,楽,楽園のタリスマン,終焉を呼ぶ,>>,狂奔の牙,12,20,0,10,-10,器,,