片手,14,ディーンゲイル,カブト割,75,加速進化,15,100,0,0,0,1,512000,,
片手,14,煌剣ティルナノグ,確率追撃,200,英雄覇気,40,80,20,0,0,1,512000,,
片手,14,真星剣クリシュナ,次元斬撃,50,多段攻撃,4,70,20,0,10,1,512000,,
片手,14,黒銀の破剣,暴走攻撃,100,堅守体躯,50,60,24,16,0,1,512000,,
片手,13,黒刃エリムザール,全力攻撃,15,運命の輪,10,60,24,0,0,2,384000,,
片手,13,双雷刃バルムンク,多段攻撃,3,確率追撃,125,72,12,0,0,2,384000,,
片手,13,アロンダイト改,集約攻撃,,巨人狩り,50,60,0,24,0,2,384000,,
片手,13,氷刃シャリート,強制異常,30,凍結攻撃,100,48,12,12,12,2,384000,,
片手,12,焔牛創神の灼刃,カブト割,50,反撃耐性,60,42,30,0,0,2,256000,,
片手,12,神剣ブルトガング,太陽信仰,75,血の起源,30,30,30,6,6,2,256000,,
片手,12,炎剣ヴァラナート,巨人狩り,75,英雄覇気,12,60,12,0,0,2,256000,,
片手,12,不死王の細剣,死の軍勢,15,リバイブ,20,24,36,0,12,2,256000,,
片手,11,エリムザール,全力攻撃,75,運命改変,15,40,8,12,0,3,192000,,
片手,11,宝鍵クルタナ,次元斬撃,30,多段攻撃,2,36,12,0,12,3,192000,,
片手,11,マビノギオン,必殺増加,40,特攻防御,50,30,30,0,0,3,192000,,
片手,11,ダインスレイフ,集約攻撃,,暴走攻撃,60,48,12,16,-16,3,192000,,
片手,10,骨喰,虹の毒撃,10,強制異常,20,24,0,24,0,3,128000,,
片手,10,煉獄刃,次元斬撃,25,狂奔の牙,8,48,0,0,0,3,128000,,
片手,10,風剣イヴェレン,確率追撃,100,イベイド,35,16,0,32,0,3,128000,,
片手,10,蛇王のショーテル,反撃倍加,3,無形体躯,20,24,24,0,0,3,128000,,
片手,9,雷針刃,術式増幅,10,トレハン,14,14,0,20,6,4,96000,,
片手,9,ミュルグレス,致命必殺,60,堅守体躯,25,20,12,0,8,4,96000,,
片手,9,水竜双刃,多段攻撃,3,大水流陣,6,16,0,24,0,4,96000,,
片手,9,レーヴァテイン,巨人狩り,50,大火炎陣,6,32,8,0,0,4,96000,,
片手,8,妖怪任侠ドス,全力攻撃,45,側面攻撃,15,24,4,4,0,5,64000,16000,
片手,8,双剣・竜晶,多段攻撃,2,イベイド,25,8,0,24,0,5,64000,16000,
片手,8,アロンダイト,乾坤一擲,25,勇猛果敢,,24,0,8,0,5,64000,16000,
片手,8,ミスティルテイン,必殺増加,25,パリング,30,24,8,0,0,5,64000,16000,
片手,7,悪魔医師のメス,心核穿ち,20,リカバリ,15,20,0,0,8,100,32000,8000,
片手,7,クレセントムーン,師団活性,6,攻撃布陣,14,8,0,20,0,100,32000,8000,
片手,7,獣勇士の剣,カブト割,20,堅守体躯,15,10,18,0,0,100,32000,8000,
片手,7,英雄の剣,多段攻撃,1,反撃耐性,40,14,8,4,2,100,32000,8000,
片手,6,工兵長のスパナ,自爆結界,20,器兵特攻,1,8,0,8,8,100,16000,4000,
片手,6,妖精のショーテル,側面攻撃,5,強制異常,10,8,0,10,6,100,16000,4000,
片手,6,アサシンナイフ,致命必殺,50,麻痺攻撃,2,8,0,16,0,100,16000,4000,
片手,6,ブラッドソード,呪の一撃,,吸血攻撃,5,16,8,0,0,100,16000,4000,
片手,5,死神赤ちゃんの鎌,必殺増加,10,心核穿ち,10,8,0,12,0,100,8000,2000,
片手,5,ナイツオブオナー,堅守体躯,10,専守防衛,,8,12,0,0,100,8000,2000,
片手,5,サンダーソード,雷撃放射,10,海洋特攻,1,12,0,4,4,100,8000,2000,
片手,5,フレイムソード,火炎放射,10,氷霊特攻,1,16,0,0,4,100,8000,2000,
片手,4,海賊サーベル,側面攻撃,6,陸生特攻,1,12,0,4,0,100,2000,500,
片手,4,銭剣,撃破金運,4,トレハン,6,0,10,0,6,100,2000,500,
片手,4,アイスソード,凍結攻撃,20,炎霊特攻,1,8,4,0,4,100,2000,500,
片手,4,デビルスレイヤー,必殺耐性,10,魔族特攻,1,10,6,0,0,100,2000,500,
片手,3,蛍光刀,夜行特攻,1,奇襲警戒,8,4,6,2,0,100,800,200,
片手,3,カタナ,致命必殺,25,パリング,5,12,0,0,0,100,800,200,
片手,3,手投げトマホーク,遠隔攻撃,,カブト割,5,4,4,4,0,100,800,200,
片手,3,カットラス,必殺増加,5,人間特攻,1,8,0,4,0,100,800,200,
片手,2,長ドス,思考停止,,,,8,0,0,0,100,400,100,
片手,2,脇差,パリング,5,,,5,0,3,0,100,400,100,
片手,2,皮剥ぎナイフ,獣族特攻,1,,,3,0,5,0,100,400,100,
片手,2,ブロンズソード,必殺増加,3,,,6,2,0,0,100,400,100,
片手,1,果物ナイフ,グルメ魂,1,,,0,0,2,2,100,200,50,
片手,1,クナイ,奇襲戦法,5,,,0,0,4,0,100,200,50,
片手,1,ハチェット,カブト割,3,,,4,0,0,0,100,200,50,
片手,1,ブロンズナイフ,致命必殺,5,,,2,0,2,0,100,200,50,
両手,14,ネルガルの屍剣,カブト割,75,狂戦士化,100,100,20,0,-20,1,512000,,
両手,14,竜聖剣アスカロン,軍団攻撃,2,カブト割,50,70,40,-20,10,1,512000,,
両手,14,アンドルディース,無効喰い,30,竜歌共鳴,50,80,0,20,0,1,512000,,
両手,14,セイギャールン,全種特攻,1,狂奔の牙,10,100,0,-12,12,1,512000,,
両手,13,蝕剣エクリプス,乾坤一擲,75,地形無効,,72,12,0,0,2,384000,,
両手,13,シャリーアの大剣,心核穿ち,100,カブト割,50,80,-16,20,0,2,384000,,
両手,13,ロードブレイズ,無効喰い,25,全域攻撃,,56,12,0,16,2,384000,,
両手,13,天剣リディル,カブト割,50,確率追撃,120,40,24,20,0,2,384000,,
両手,12,聖剣デュランダル,巨人狩り,100,運命改変,40,48,24,0,0,2,256000,,
両手,12,祖刃ニーベルング,多段攻撃,4,英雄覇気,20,24,0,36,12,2,256000,,
両手,12,暴蝕剣グラズ,次元斬撃,50,対術結界,40,48,24,0,0,2,256000,,
両手,12,迅雷剣バルムンク,カブト割,50,全域攻撃,,60,0,12,0,2,256000,,
両手,11,ニゲル・グラディオ,巨人狩り,75,堅守体躯,30,30,30,0,0,3,192000,,
両手,11,ティルフィング,狂奔の牙,12,女性特攻,2,40,10,10,0,3,192000,,
両手,11,ヴォルスング,カブト割,45,十字攻撃,,40,20,0,0,3,192000,,
両手,11,血華・雷王丸,全力攻撃,90,雷霊支配,30,80,0,-20,0,3,192000,,
両手,10,デビルメタルギター,竜歌共鳴,24,術式増幅,12,36,0,24,-12,3,128000,,
両手,10,七支力・斬焔,集約攻撃,,多段攻撃,3,42,0,0,6,3,128000,,
両手,10,天叢雲・蛟,多段攻撃,3,強酸砲弾,8,24,0,24,0,3,128000,,
両手,10,雷王丸,全力攻撃,60,大雷撃陣,12,60,-12,0,0,3,128000,,
両手,9,太公望の釣り竿,行動阻害,1,グルメ魂,8,0,12,12,16,4,96000,,
両手,9,ファフナー,無効喰い,20,魔族特攻,2,50,0,-10,0,4,96000,,
両手,9,ベリサルダ,巨人狩り,30,竜族特攻,2,40,10,-10,0,4,96000,,
両手,9,輝剣フォルトゥナ,心核穿ち,50,運命の輪,5,20,10,10,0,4,96000,,
両手,8,巨神の大剣,撃破金運,6,トレハン,12,8,32,-8,0,5,64000,16000,
両手,8,天叢雲,多段攻撃,2,水流砲弾,8,12,0,16,4,5,64000,16000,
両手,8,雷切,心核穿ち,25,対術結界,20,8,0,24,0,5,64000,16000,
両手,8,斬魔刀・星辰,カブト割,25,飛行特攻,1,32,0,0,0,5,64000,16000,
両手,7,冷凍マグロソード,凍結攻撃,40,グルメ魂,6,36,0,-8,0,100,32000,8000,
両手,7,聖騎士の大曲刀,特攻防御,40,前進防御,,8,20,0,0,100,32000,8000,
両手,7,白刃雛菊,多段攻撃,1,側面攻撃,15,12,0,16,0,100,32000,8000,
両手,7,ドラゴンパスター,竜族特攻,1,堅守体躯,15,16,12,0,0,100,32000,8000,
両手,6,妖精の釣り竿,奇襲戦法,12,奇襲警戒,15,0,0,20,4,100,16000,4000,
両手,6,勇者の大剣,必殺増加,25,パリング,15,20,4,0,0,100,16000,4000,
両手,6,にっかり青江,カブト割,15,側面攻撃,10,8,0,16,0,100,16000,4000,
両手,6,ギガントバスター,巨人狩り,20,堅守体躯,10,16,16,-8,0,100,16000,4000,
両手,5,黄金のハリセン,撃破金運,4,トレハン,6,0,0,16,4,100,8000,2000,
両手,5,ソードブレイカー,攻撃削減,10,必殺耐性,15,10,10,0,0,100,8000,2000,
両手,5,蜘蛛切丸,反撃倍加,2,蟲族特攻,1,8,8,4,0,100,8000,2000,
両手,5,バジリスクの毒刃,毒化攻撃,10,毒気放射,12,20,4,0,-4,100,8000,2000,
両手,4,ブラッドシザー,狂奔の牙,4,狂戦士化,10,24,-8,0,0,100,2000,500,
両手,4,天使のフライパン,ブロック,10,グルメ魂,3,0,10,0,6,100,2000,500,
両手,4,斬馬太刀,致命必殺,25,必殺増加,10,24,0,-8,0,100,2000,500,
両手,4,ゾンビバスター,死者支配,6,死者特攻,1,12,4,0,0,100,2000,500,
両手,3,ノコギリ,側面攻撃,5,樹霊特攻,1,12,0,0,0,100,800,200,
両手,3,奉納刀,運命改変,5,魔族特攻,1,4,4,0,4,100,800,200,
両手,3,痣丸,暴走攻撃,50,人間特攻,1,20,-8,0,0,100,800,200,
両手,3,バスタードソード,カブト割,10,反撃耐性,10,12,6,-6,0,100,800,200,
両手,2,岩石の剣,城壁構築,25,,,4,12,-8,0,100,400,100,
両手,2,盗掘用バール,トレハン,2,,,0,0,4,4,100,400,100,
両手,2,船の櫂,背水の陣,5,,,4,4,0,0,100,400,100,
両手,2,フランベルジュ,カブト割,5,,,12,0,-4,0,100,400,100,
両手,1,巨大ハリセン,専守防衛,,,,0,0,4,0,100,200,50,
両手,1,鉄パイプ,全力攻撃,5,,,8,0,0,-4,100,200,50,
両手,1,巨木刀,死者特攻,1,,,8,-8,-8,0,100,200,50,
両手,1,銅の大剣,致命必殺,5,,,6,0,-2,0,100,200,50,
斧槍,14,絶神乱舞槍,多段攻撃,6,確率追撃,150,40,0,40,20,1,512000,,
斧槍,14,獄斧ヴリトラベイン,軍団攻撃,2,狂戦士化,75,120,0,-20,0,1,512000,,
斧槍,14,覇装アンドヴァラ,心核穿ち,150,英雄覇気,30,80,0,0,20,1,512000,,
斧槍,14,星斧プレアデス,巨人狩り,150,吸血攻撃,25,80,40,-20,0,1,512000,,
斧槍,13,剛雷闘神斧,全力攻撃,120,戦術補助,80,100,0,-16,0,2,384000,,
斧槍,13,神槍グングニル,多段攻撃,4,超神術陣,10,42,0,30,12,2,384000,,
斧槍,13,血槍キシャル,次元斬撃,40,無効喰い,25,48,36,0,0,2,384000,,
斧槍,13,魔戦斧アスラ,巨人狩り,80,堅守体躯,40,72,28,0,-16,2,384000,,
斧槍,12,ラヴランディス,心核穿ち,10,神族支配,32,48,0,12,12,2,256000,,
斧槍,12,告死ニーベルング,致命必殺,250,死の軍勢,20,60,0,24,-12,2,256000,,
斧槍,12,竜槍ラヴァム,必殺増加,45,特攻防御,90,36,36,0,0,2,256000,,
斧槍,12,ミヨルニル,カブト割,50,致命必殺,75,72,12,-12,0,2,256000,,
斧槍,11,塵灰のハルバード,狂戦士化,25,無形体躯,25,40,10,10,0,3,192000,,
斧槍,11,黒槍ニーベルング,カブト割,50,英雄覇気,12,54,0,6,0,3,192000,,
斧槍,11,極槍プロミネンス,必殺増加,40,大火炎陣,15,48,0,12,0,3,192000,,
斧槍,11,天槍ニーベルング,集約攻撃,,師団指揮,16,36,0,16,8,3,192000,,
斧槍,10,熾天使の大鎌,全力攻撃,60,イベイド,30,30,0,12,6,3,128000,,
斧槍,10,ブリーキンダベル,十字攻撃,,確率追撃,75,16,0,32,0,3,128000,,
斧槍,10,グングニル・ミニ,確率追撃,95,トレハン,14,20,20,4,4,3,128000,,
斧槍,10,聖槍キシャル,心核穿ち,50,特攻防御,50,32,16,0,0,3,128000,,
斧槍,9,ビョルキリーの旗槍,多段攻撃,2,反撃耐性,50,32,0,8,0,4,96000,,
斧槍,9,屍槍グムルス,死者支配,20,無形体躯,20,28,0,12,0,4,96000,,
斧槍,9,グラディス,カブト割,40,武具研磨,50,40,8,-8,0,4,96000,,
斧槍,9,戦斧フレアローズ,巨人狩り,50,堅守体躯,25,20,16,0,4,4,96000,,
斧槍,8,武王の蛇矛,乾坤一擲,20,特攻防御,35,32,0,0,0,5,64000,16000,
斧槍,8,魔槍・業平,側面攻撃,15,致命必殺,60,36,0,-8,4,5,64000,16000,
斧槍,8,ヘイトスクリーム,反撃倍加,3,必殺増加,20,32,12,-12,0,5,64000,16000,
斧槍,8,魔槍グラーシーザ,多段攻撃,2,パリング,30,12,0,20,0,5,64000,16000,
斧槍,7,デモンズアクス,全力攻撃,50,吸血攻撃,10,40,0,-12,0,100,32000,8000,
斧槍,7,デーモンシックル,強制異常,10,致命必殺,75,32,-8,0,4,100,32000,8000,
斧槍,7,斬鉄・岩融,狂奔の牙,7,カブト割,25,30,0,-6,4,100,32000,8000,
斧槍,7,英雄の檜,多段攻撃,1,必殺耐性,25,16,12,0,0,100,32000,8000,
斧槍,6,妖精のスコップ,必殺増加,15,矮小体躯,10,0,0,24,0,100,16000,4000,
斧槍,6,振り逃げ金棒,標的後逸,,カブト割,20,16,0,16,-8,100,16000,4000,
斧槍,6,ヴァルキュレイド,神術放射,10,師団活性,10,6,6,6,6,100,16000,4000,
斧槍,6,人魚姫の三叉矛,師団弱体,6,戦術妨害,25,12,0,8,4,100,16000,4000,
斧槍,5,黄金のクワ,日中適応,,グルメ魂,4,0,14,0,6,100,8000,2000,
斧槍,5,ゴールドマトック,撃破金運,5,トレハン,6,28,0,-8,0,100,8000,2000,
斧槍,5,悪魔の焼きごて,心核穿ち,15,火炎放射,6,20,0,0,0,100,8000,2000,
斧槍,5,サンダージャベリン,遠隔攻撃,,必殺増加,10,12,0,8,0,100,8000,2000,
斧槍,4,魔獣ハンターの銛,獣族特攻,1,海洋特攻,1,16,0,0,0,100,2000,500,
斧槍,4,フラグマンスピア,勇猛果敢,,堅守体躯,10,8,8,0,0,100,2000,500,
斧槍,4,ホーリーメイス,カブト割,10,必殺増加,5,12,0,0,4,100,2000,500,
斧槍,4,ブライトスピア,魔族特攻,1,死者特攻,1,10,6,0,0,100,2000,500,
斧槍,3,魔界農夫のフォーク,資源工面,10,グルメ魂,2,0,8,0,4,100,800,200,
斧槍,3,ナギナタ,側面攻撃,5,反撃耐性,15,6,6,0,0,100,800,200,
斧槍,3,破城槌,反撃倍加,1,器兵特攻,1,18,0,-6,0,100,800,200,
斧槍,3,ジャベリン,遠隔攻撃,,奇襲戦法,5,4,0,8,0,100,800,200,
斧槍,2,巨大石斧,グルメ魂,1,,,12,0,0,-4,100,400,100,
斧槍,2,騎兵軍旗,戦意高揚,10,先陣の誉,,0,6,0,2,100,400,100,
斧槍,2,木槌,城壁崩し,25,,,12,0,-4,0,100,400,100,
斧槍,2,ロングスピア,必殺増加,5,,,2,6,0,0,100,400,100,
斧槍,1,モップ,奇襲警戒,3,,,0,3,0,1,100,200,50,
斧槍,1,つるはし,撃破金運,1,,,8,0,-4,0,100,200,50,
斧槍,1,竹槍,背水の陣,5,,,0,4,0,0,100,200,50,
斧槍,1,カッパースピア,反撃耐性,5,,,1,3,0,0,100,200,50,
射撃,14,ファルスカノン,多段攻撃,5,加速進化,15,100,35,-35,0,1,512000,,
射撃,14,始原の闇の塊,次元斬撃,40,軍団攻撃,2,150,0,0,-50,1,512000,,
射撃,14,ソーマブラスター,暴走攻撃,100,巨人狩り,100,100,-16,0,16,1,512000,,
射撃,14,乖離双星・滅,次元斬撃,75,軍団弱体,30,100,0,15,-15,1,512000,,
射撃,13,残月の神弓,挑発行為,,強制異常,40,48,0,36,0,2,384000,,
射撃,13,プロメテウスΩ,巨人狩り,75,確率追撃,125,56,0,16,12,2,384000,,
射撃,13,重砲エキドナ,集約攻撃,,カブト割,45,114,0,-30,0,2,384000,,
射撃,13,ブリーシンガメン,戦術妨害,80,戦術補助,80,64,0,10,10,2,384000,,
射撃,12,造天使の神砲,多段攻撃,4,狂奔の牙,12,72,30,-30,0,2,256000,,
射撃,12,スーパーノヴァ,全域攻撃,,無効喰い,20,100,0,-28,0,2,256000,,
射撃,12,ガイアプロメテア,強酸砲弾,15,術式増幅,20,56,0,0,16,2,256000,,
射撃,12,天羽々矢,次元斬撃,30,トレハン,20,52,0,20,0,2,256000,,
射撃,11,ガストラフェテス,封印攻撃,,対術結界,45,24,24,0,12,3,192000,,
射撃,11,死冥の砲典,十字攻撃,,無効喰い,20,80,0,-20,0,3,192000,,
射撃,11,星銃アルタイル,必殺増加,30,心核穿ち,50,40,10,0,10,3,192000,,
射撃,11,スコルソール,乾坤一擲,40,飛行特攻,1,40,0,20,0,3,192000,,
射撃,10,フェイルノート,心核穿ち,60,大雷撃陣,12,28,0,16,4,3,128000,,
射撃,10,死限の祭祀書,虹の毒撃,10,強制異常,20,32,0,0,16,3,128000,,
射撃,10,乖離双星,多段攻撃,4,師団活性,10,28,0,12,8,3,128000,,
射撃,10,エーテルシュート,反撃倍加,3,堅守体躯,30,24,36,-12,0,3,128000,,
射撃,9,ウルフズベイン,必殺増加,30,毒気放射,30,28,0,12,0,4,96000,,
射撃,9,オラクルの神弓,平等治癒,12,神族活性,20,18,0,16,6,4,96000,,
射撃,9,プロメテウス,多段攻撃,2,全力攻撃,30,24,0,8,8,4,96000,,
射撃,9,S弓矢アロー,グルメ魂,7,前進防御,,12,36,0,-8,4,96000,,
射撃,8,エーテルクロスポボウ,麻痺攻撃,2,対術結界,30,0,24,0,8,5,64000,16000,
射撃,8,エルヴン・ボウ,標的後逸,,イベイド,25,20,0,12,0,5,64000,16000,
射撃,8,サジタリスボウ,多段攻撃,2,必殺増加,10,12,0,16,4,5,64000,16000,
射撃,8,魔銃ディザスター,カブト割,30,大雷撃陣,8,34,0,-8,6,5,64000,16000,
射撃,7,覚醒メガホン,術式増幅,10,戦術妨害,30,16,12,0,0,100,32000,8000,
射撃,7,ゴーレムバズーカ,乾坤一擲,15,堅守体躯,15,48,0,-20,0,100,32000,8000,
射撃,7,エースボウ,確率追撃,60,トレハン,10,10,0,18,0,100,32000,8000,
射撃,7,コメットガン,カブト割,20,致命必殺,30,24,0,0,4,100,32000,8000,
射撃,6,妖精の吹き矢,解除攻撃,,矮小体躯,10,-6,0,30,0,100,16000,4000,
射撃,6,ドリルガン,心核穿ち,20,海洋特攻,1,24,0,0,0,100,16000,4000,
射撃,6,ホルンカM999,必殺増加,10,側面攻撃,15,12,0,12,0,100,16000,4000,
射撃,6,ピットヴァイパー,反撃倍加,2,大毒気陣,5,32,0,0,-8,100,16000,4000,
射撃,5,幸運のダーツ,撃破金運,5,トレハン,6,0,14,0,6,100,8000,2000,
射撃,5,螺旋手裏剣,致命必殺,40,必殺増加,10,4,0,16,0,100,8000,2000,
射撃,5,ダブルバレルガン,多段攻撃,1,確率追撃,5,12,0,8,0,100,8000,2000,
射撃,5,ファイアーボア,カブト割,15,大火炎陣,3,18,0,0,2,100,8000,2000,
射撃,4,殺虫スプレー,標的後逸,,蟲族特攻,1,8,-8,16,0,100,2000,500,
射撃,4,大砲,全力攻撃,25,火炎砲弾,2,36,0,-20,0,100,2000,500,
射撃,4,ウィングキラー,飛行弱体,4,飛行特攻,1,4,0,12,0,100,2000,500,
射撃,4,ブライトガン,魔族特攻,1,死者特攻,1,12,0,0,4,100,2000,500,
射撃,3,カタパルト投石機,カブト割,10,城壁崩し,30,24,0,-12,0,100,800,200,
射撃,3,ポルンゴN666,自決自爆,25,反撃倍加,1,20,-8,0,0,100,800,200,
射撃,3,ロングボウ,必殺増加,10,防御削減,4,8,0,4,0,100,800,200,
射撃,3,猟銃,グルメ魂,2,獣族特攻,1,12,0,0,0,100,800,200,
射撃,2,吹き矢,毒化攻撃,3,遠隔攻撃,,4,4,0,0,100,400,100,
射撃,2,手裏剣,致命必殺,10,遠隔攻撃,,2,0,6,0,100,400,100,
射撃,2,クロスボウ,防御削減,3,遠隔攻撃,,4,0,4,0,100,400,100,
射撃,2,拳銃,必殺増加,5,遠隔攻撃,,8,0,0,0,100,400,100,
射撃,1,ダーツ,トレハン,2,,,0,0,4,0,100,200,50,
射撃,1,爆竹,奇襲戦法,4,専守防衛,,0,3,1,0,100,200,50,
射撃,1,短弓,攻撃削減,2,,,1,0,3,0,100,200,50,
射撃,1,スリング,速度削減,2,,,2,0,2,0,100,200,50,
杖,14,グラガンナの牙杖,致命必殺,666,死の軍勢,30,124,-48,0,24,1,512000,,
杖,14,神杖ウルク,次元斬撃,75,停止攻撃,50,50,0,30,20,1,512000,,
杖,14,宿業の円環,超雷撃陣,25,運命の輪,15,48,28,0,24,1,512000,,
杖,14,獄界の大鎌,心核穿ち,100,無効喰い,30,80,0,16,4,1,512000,,
杖,13,黒杖クルダーハ,超強酸陣,10,知力弱体,100,54,0,10,20,2,384000,,
杖,13,神杖ゲオルギウス,超雷撃砲,15,全力攻撃,150,54,12,0,18,2,384000,,
杖,13,悪鬼轟羅梶,心核穿ち,50,カブト割,50,72,12,0,0,2,384000,,
杖,13,魔杖ルチーフェロ,虹の毒撃,20,強制異常,30,24,0,48,12,2,384000,,
杖,12,フリギアの賢杖,バリアー,8,グルメ魂,9,0,60,0,12,2,256000,,
杖,12,魔杖グリムルーン,軍団支配,20,トレハン,18,40,16,0,16,2,256000,,
杖,12,グリンブルスティ,集約攻撃,,巨人狩り,25,54,18,0,0,2,256000,,
杖,12,宝杖グリムルーン,軍団指揮,10,トレハン,18,0,16,40,16,2,256000,,
杖,11,クルダーハ,超魔術陣,8,術式増幅,16,32,0,16,12,3,192000,,
杖,11,封杖アンドヴァラ,火炎砲弾,12,師団支配,24,12,0,32,16,3,192000,,
杖,11,バズウ・カタ,カブト割,50,夜行支配,40,36,0,16,8,3,192000,,
杖,11,アンサラー,反撃倍加,4,特攻防御,60,24,36,0,0,3,192000,,
杖,10,蛇杖オフィテス,大毒気陣,10,リバイブ,25,36,0,0,12,3,128000,,
杖,10,神杖クヴァーシル,神族支配,20,行動増加,1,20,20,0,8,3,128000,,
杖,10,月天の雫,平等治癒,13,対術結界,45,0,30,0,18,3,128000,,
杖,10,アシュケロン,大魔術陣,13,砲撃結界,45,0,0,32,16,3,128000,,
杖,9,熾天使の鍵杖,封印攻撃,,至高の盾,20,0,30,0,10,4,96000,,
杖,9,ジミーハンマー,兵士運搬,,堅守体躯,25,25,25,-10,0,4,96000,,
杖,9,ゲオルギウスミニ,雷撃砲弾,10,矮小体躯,15,8,0,24,8,4,96000,,
杖,9,ケリュケイオン,大雷撃陣,13,平等治癒,13,10,0,16,14,4,96000,,
杖,8,エーテルタクト,多段攻撃,1,戦術結界,35,10,0,10,12,5,64000,16000,
杖,8,トリアイナ,確率追撃,65,戦術補助,40,14,8,0,10,5,64000,16000,
杖,8,バッドムーン,致命必殺,77,トレハン,12,18,0,6,8,5,64000,16000,
杖,8,魔導杖エルメス,対術結界,25,砲撃結界,25,14,0,6,12,5,64000,16000,
杖,7,魔女の箒,心核穿ち,25,イベイド,20,10,0,10,8,100,32000,8000,
杖,7,魔杖ウンディーネ,大強酸陣,7,標的後逸,,24,-4,0,8,100,32000,8000,
杖,7,ウィザードケイン,大魔術陣,9,対術結界,20,4,0,12,12,100,32000,8000,
杖,7,クリスタルティア,全体治癒,9,砲撃結界,20,0,12,4,12,100,32000,8000,
杖,6,マジカル鉄アレイ,堅守体躯,15,前進防御,,20,9,-10,5,100,16000,4000,
杖,6,毒蛇王の錫杖,大毒気陣,5,必殺増加,15,6,6,6,6,100,16000,4000,
杖,6,禁術師の杖,強酸砲弾,5,強制異常,10,12,-10,16,6,100,16000,4000,
杖,6,癒しの杖,全体治癒,10,専守防衛,,0,14,0,10,100,16000,4000,
杖,5,如意棒,遠隔攻撃,,カブト割,15,1,0,12,0,100,8000,2000,
杖,5,ブラストロッド,全力攻撃,20,自決自爆,30,16,-6,6,4,100,8000,2000,
杖,5,ゴールドセプター,運命改変,5,撃破金運,5,-2,12,5,5,100,8000,2000,
杖,5,黄金の麺棒,グルメ魂,4,トレハン,6,5,5,5,5,100,8000,2000,
杖,4,デビルフライ返し,グルメ魂,3,反撃倍加,1,4,4,4,4,100,2000,500,
杖,4,戦闘魔導杖,必殺増加,10,魔術放射,10,12,-3,4,3,100,2000,500,
杖,4,戦術羽うちわ,師団活性,5,奇襲警戒,15,5,0,6,5,100,2000,500,
杖,4,司祭の杖,全体治癒,5,削減治療,,0,6,5,5,100,2000,500,
杖,3,聖なるハンドベル,バリアー,3,致命耐性,15,0,8,0,4,100,800,200,
杖,3,ウィングロッド,遠隔攻撃,,自爆結界,10,6,0,3,3,100,800,200,
杖,3,骸骨杖,魔族医療,5,毒気放射,5,8,-4,0,4,100,800,200,
杖,3,仙人の杖,全体治癒,3,解毒治療,,0,4,4,4,100,800,200,
杖,2,釘バット,致命必殺,10,,,8,-1,0,1,100,400,100,
杖,2,ピコピコハンマー,トレハン,3,,,3,0,3,2,100,400,100,
杖,2,孫の手,麻痺治療,,,,2,2,2,2,100,400,100,
杖,2,メイジスタッフ,氷撃放射,5,,,5,0,0,3,100,400,100,
杖,1,とりもちの杖,戦術妨害,5,,,0,2,1,1,100,200,50,
杖,1,麺棒,グルメ魂,1,,,1,1,1,1,100,200,50,
杖,1,僧侶の杖,全体治癒,1,,,0,2,0,2,100,200,50,
杖,1,魔術師の杖,火炎放射,3,,,2,0,0,2,100,200,50,
鞭,14,冥神の竜血,暴走攻撃,100,特攻防御,100,100,20,-40,20,1,512000,,
鞭,14,開闢の触腕,加速進化,10,カブト割,75,54,16,16,12,1,512000,,
鞭,14,エリキシルの光鎖,次元斬撃,45,多段攻撃,4,70,0,20,10,1,512000,,
鞭,14,暗獄鞭,全域攻撃,,無効喰い,35,120,-20,0,0,1,512000,,
鞭,13,始原獣の触腕,巨人狩り,50,確率追撃,135,70,30,0,-16,2,384000,,
鞭,13,深淵の姫の触腕,対術結界,50,無形体躯,40,48,14,14,8,2,384000,,
鞭,13,触神の御手,全種特攻,1,致命必殺,50,64,0,0,20,2,384000,,
鞭,13,禁獣神鞭,心核穿ち,50,狂奔の牙,20,84,0,0,0,2,384000,,
鞭,12,月神の蛇血,多段攻撃,4,反撃耐性,50,48,12,0,12,2,256000,,
鞭,12,フォトンスレッド,次元斬撃,30,確率追撃,90,48,24,0,0,2,256000,,
鞭,12,神荊リンドヴルム,確率追撃,100,カブト割,35,40,0,32,0,2,256000,,
鞭,12,ウロボロスの鞭,回帰治癒,20,堅守体躯,35,14,50,0,8,2,256000,,
鞭,11,影の凶刃,心核穿ち,50,特攻防御,60,30,20,10,0,3,192000,,
鞭,11,触手姫の触腕,男性特攻,2,カブト割,40,32,12,12,4,3,192000,,
鞭,11,影皇帝のむち,撃破金運,8,トレハン,16,12,0,40,8,3,192000,,
鞭,11,グレイプニール,魅了攻撃,2,軍団活性,10,24,0,24,12,3,192000,,
鞭,10,リンリンアーム,多段攻撃,3,大強酸陣,7,24,24,0,0,3,128000,,
鞭,10,触手王の触腕,女性特攻,2,全力攻撃,50,32,0,16,0,3,128000,,
鞭,10,スヴァティ,大氷撃陣,12,十字攻撃,,24,0,16,8,3,128000,,
鞭,10,花女王の触腕,リカバリ,25,堅守体躯,25,0,48,0,0,3,128000,,
鞭,9,デュアルウィップ,確率追撃,90,魔術砲弾,9,20,0,20,0,4,96000,,
鞭,9,ヘルズヘイム,狂奔の牙,15,師団弱体,15,30,0,10,0,4,96000,,
鞭,9,ナインテールLB,女性弱体,20,女性特攻,2,24,16,0,0,4,96000,,
鞭,9,ローズウィップ,多段攻撃,2,側面攻撃,20,10,20,20,-10,4,96000,,
鞭,8,コローニアの触槌,カブト割,25,無形体躯,20,20,12,0,0,5,64000,16000,
鞭,8,触主の触腕,女性特攻,1,確率追撃,88,16,0,16,0,5,64000,16000,
鞭,8,レルネイ,多段攻撃,2,師団活性,10,10,6,16,0,5,64000,16000,
鞭,8,ドラゴンテイル,扇形攻撃,,竜歌覚醒,15,32,0,0,0,5,64000,16000,
鞭,7,エンジェルチェーン,封印攻撃,,対術結界,15,0,8,12,8,100,32000,8000,
鞭,7,マスターヌンチャク,パリング,20,全力攻撃,20,14,0,14,0,100,32000,8000,
鞭,7,雷公鞭,麻痺攻撃,2,大雷撃陣,7,12,0,6,10,100,32000,8000,
鞭,7,チャンピオンの証,攻撃支配,20,必殺増加,15,10,10,8,0,100,32000,8000,
鞭,6,クラーケンのゲソ,確率追撃,40,グルメ魂,5,8,0,16,0,100,16000,4000,
鞭,6,コメットスター,カブト割,15,反撃耐性,25,20,8,-4,0,100,16000,4000,
鞭,6,女王様の鞭,男性特攻,1,必殺増加,25,14,-4,10,4,100,16000,4000,
鞭,6,妖精のしっぽ,側面攻撃,8,巨人狩り,10,8,0,8,8,100,16000,4000,
鞭,5,多節棍,致命必殺,35,堅守体躯,10,12,-4,12,0,100,8000,2000,
鞭,5,触腕,男性活性,8,女性特攻,1,9,2,9,0,100,8000,2000,
鞭,5,愛の鞭,反撃倍加,1,特攻防御,30,8,0,6,6,100,8000,2000,
鞭,5,雷撃鉄球,城壁崩し,40,雷撃砲弾,3,16,0,0,4,100,8000,2000,
鞭,4,デッドリーケンダマ,必殺増加,10,奇襲戦法,10,10,0,6,0,100,2000,500,
鞭,4,アイドルリボン,師団活性,4,トレハン,4,0,0,8,8,100,2000,500,
鞭,4,成仏の数珠,死者特攻,1,死者支配,6,8,8,-4,4,100,2000,500,
鞭,4,フレイル,防御布陣,10,パリング,7,10,6,0,0,100,2000,500,
鞭,3,バトルヨーヨー,遠隔攻撃,,カブト割,10,8,0,4,0,100,2000,500,
鞭,3,若草の鞭,自己治癒,5,対術結界,5,0,4,4,4,100,800,200,
鞭,3,スパイクベルト,全力攻撃,10,防御削減,7,10,4,-2,0,100,800,200,
鞭,3,鎖鎌,側面攻撃,3,樹霊特攻,1,8,0,4,0,100,800,200,
鞭,2,呪いの濡れ雑巾,戦術妨害,5,遠隔攻撃,,6,-4,6,0,100,400,100,
鞭,2,キャットテイル,イベイド,3,思考停止,,2,2,2,2,100,400,100,
鞭,2,イバラ鞭,毒化攻撃,6,,,5,0,3,0,100,400,100,
鞭,2,ヌンチャク,パリング,5,,,4,0,4,0,100,400,100,
鞭,1,砕石袋,撃破金運,1,,,5,-1,0,0,100,200,50,
鞭,1,ネコジャラシの鞭,奇襲戦法,3,先陣の誉,,1,0,3,0,100,200,50,
鞭,1,調教鞭,人間支配,2,,,3,0,1,0,100,200,50,
鞭,1,レザーベルト,矮小体躯,2,,,2,0,2,0,100,200,50,
爪,14,狂乱の冥竜爪,狂奔の牙,20,狂戦士化,100,130,-20,0,-10,1,512000,,
爪,14,災厄の魔神爪,集約攻撃,,加速進化,10,100,-24,36,-12,1,512000,,
爪,14,ニーズヘグクロー,魔術砲弾,15,次元斬撃,50,120,0,-20,0,1,512000,,
爪,14,アイリスの聖手,カブト割,60,巨人狩り,50,84,0,0,16,1,512000,,
爪,13,ザグレウスの変異爪,多段攻撃,4,吸血攻撃,15,80,-16,24,-4,2,384000,,
爪,13,シャリーアの爪牙,乾坤一擲,75,狂戦士化,40,100,0,0,-16,2,384000,,
爪,13,バロールの巨拳,巨人狩り,90,堅守体躯,40,68,16,0,0,2,384000,,
爪,13,獄竜の手甲,次元障壁,35,無形体躯,40,70,30,-16,0,2,384000,,
爪,12,マルダークの轟炎拳,反撃倍加,5,堅守体躯,35,36,60,-24,0,2,256000,,
爪,12,ヤルングレイプル,カブト割,60,武具研磨,60,52,20,0,0,2,256000,,
爪,12,暗獄の魔爪,無効喰い,20,全域攻撃,,72,-16,24,-8,2,256000,,
爪,12,ビッグバン,トレハン,18,集約攻撃,,96,0,-20,0,2,256000,,
爪,11,狼神の炎爪,心核穿ち,60,武具研磨,45,52,0,0,8,3,192000,,
爪,11,神爪リンドヴルム,十字攻撃,,確率追撃,115,48,0,8,4,3,192000,,
爪,11,応龍爪,多段攻撃,3,大雷撃陣,20,36,0,18,6,3,192000,,
爪,11,昏虹のビブレスト,強制異常,15,虹の毒撃,25,24,0,36,0,3,192000,,
爪,10,ケメトスクロー,巨人狩り,50,反撃耐性,65,36,0,12,0,3,128000,,
爪,10,ドグマの右足,カブト割,25,致命必殺,40,32,16,0,0,3,128000,,
爪,10,艦爪ナグルファル,魔術砲弾,10,堅守体躯,30,0,48,0,0,3,128000,,
爪,10,竜王の爪牙,乾坤一擲,40,竜鱗守護,100,32,16,0,0,3,128000,,
爪,9,クローピック,多段攻撃,2,側面攻撃,15,14,0,20,6,4,96000,,
爪,9,異獣の蟹爪,必殺耐性,45,前進防御,,20,20,0,0,4,96000,,
爪,9,アガートラーム,反撃倍加,3,至高の盾,20,10,30,0,0,4,96000,,
爪,9,イシリアルクロー,魔族特攻,2,特攻防御,50,24,0,10,6,4,96000,,
爪,8,ジェットフィスト,全力攻撃,35,イベイド,25,18,-4,18,0,5,64000,16000,
爪,8,慟哭の拳,専守防衛,,堅守体躯,20,6,26,0,0,5,64000,16000,
爪,8,ヴァリアント腕甲,心核穿ち,25,巨人狩り,15,16,10,6,0,5,64000,16000,
爪,8,エスピリトクロー,乾坤一擲,15,武具研磨,30,20,6,6,0,5,64000,16000,
爪,7,雷獣の爪,多段攻撃,1,大雷撃陣,7,8,0,20,0,100,32000,8000,
爪,7,英雄の拳,確率追撃,50,反撃耐性,50,12,4,12,0,100,32000,8000,
爪,7,地獄の蟹爪,必殺耐性,15,堅守体躯,10,8,20,0,0,100,32000,8000,
爪,7,オリハルコンの爪,カブト割,25,パリング,15,20,4,4,0,100,32000,8000,
爪,6,吹雪熊の爪,致命必殺,40,確率追撃,35,16,4,10,-6,100,16000,4000,
爪,6,亡者の手,強制異常,10,吸血攻撃,5,8,0,16,0,100,16000,4000,
爪,6,腐毒竜の爪牙,毒化攻撃,10,反撃倍加,2,22,-10,22,-10,100,16000,4000,
爪,6,ミスリルクロー,必殺増加,15,対術結界,15,16,4,4,0,100,16000,4000,
爪,5,ゴールドグローブ,運命改変,10,トレハン,6,0,0,20,0,100,8000,2000,
爪,5,マカナK500,カブト割,15,特攻防御,25,12,4,4,0,100,8000,2000,
爪,5,幻獣の爪牙,側面攻撃,7,呪の一撃,,10,-5,15,0,100,8000,2000,
爪,5,ゴールドクロー,攻撃支配,10,撃破金運,5,12,0,8,0,100,8000,2000,
爪,4,ドリルアーム,全力攻撃,10,城壁崩し,50,12,4,0,0,100,2000,500,
爪,4,メリケンサック,必殺増加,10,反撃耐性,20,10,0,6,0,100,2000,500,
爪,4,魔獣の爪牙,致命必殺,25,麻痺攻撃,2,14,-6,8,0,100,2000,500,
爪,4,ホーリークロー,魔族特攻,1,死者特攻,1,6,4,0,6,100,2000,500,
爪,3,マジックハンド,側面攻撃,6,奇襲戦法,6,0,4,4,4,100,800,200,
爪,3,メタルナックル,器兵特攻,1,反撃倍加,1,6,6,0,0,100,800,200,
爪,3,暴獣の爪牙,人間特攻,1,暴走攻撃,50,12,-4,4,0,100,800,200,
爪,3,シルバークロー,必殺増加,5,対術結界,5,8,0,4,0,100,800,200,
爪,2,パンチグローブ,反撃耐性,10,,,4,2,2,0,100,400,100,
爪,2,スパイクグローブ,全力攻撃,7,,,5,0,3,0,100,400,100,
爪,2,獣の爪牙,カブト割,5,,,3,0,5,0,100,400,100,
爪,2,ボーンクロー,毒化攻撃,6,,,4,0,4,0,100,400,100,
爪,1,猫の手,全体治癒,2,,,0,0,2,2,100,200,50,
爪,1,職人手袋,撃破金運,1,,,0,0,4,0,100,200,50,
爪,1,カッパーネイル,致命必殺,5,,,2,2,0,0,100,200,50,
爪,1,クロー,必殺増加,2,,,2,1,1,0,100,200,50,
盾,14,ファルスフィールド,次元障壁,75,対術結界,75,-50,160,0,10,1,512000,,
盾,14,魔盾アンシェラ,至高の盾,50,堅守体躯,40,64,30,6,0,1,512000,,
盾,14,覇者の盾,堅守体躯,50,範囲無効,,40,40,10,10,1,512000,,
盾,14,極夜の盾,回帰治癒,20,範囲無効,,50,50,0,0,1,512000,,
盾,13,黒盾エメディウス,集約攻撃,,至高の盾,35,48,32,4,0,2,384000,,
盾,13,禁獣神の牙盾,巨人狩り,60,反撃倍加,6,70,14,0,0,2,384000,,
盾,13,ダークアイギス,次元障壁,40,堅守体躯,30,48,36,0,0,2,384000,,
盾,13,ヤーラルホーン,心核穿ち,60,師団支配,30,12,60,6,6,2,384000,,
盾,12,焔牛創神の盾,カブト割,40,狂奔の牙,10,60,12,0,0,2,256000,,
盾,12,フォートリンデ,バリアー,10,特攻防御,100,32,40,0,0,2,256000,,
盾,12,竜盾シルティス,至高の盾,50,全域無効,,24,42,0,6,2,256000,,
盾,12,次元神の宝盾,次元斬撃,30,次元障壁,30,0,30,30,12,2,256000,,
盾,11,エメディウス,必殺増加,35,至高の盾,30,30,30,0,0,3,192000,,
盾,11,無垢なる手,特攻防御,75,戦術結界,35,30,20,0,10,3,192000,,
盾,11,ユグドラシルの盾,対術結界,35,リバイブ,40,0,36,12,12,3,192000,,
盾,11,神光の盾,防御布陣,35,特攻防御,70,0,50,0,10,3,192000,,
盾,10,ビョルキリーの盾,確率追撃,80,無形体躯,35,12,30,6,0,3,128000,,
盾,10,覇王大帝の鉄鍋,グルメ魂,7,師団指揮,10,24,24,0,0,3,128000,,
盾,10,聖盾アンシェラ,至高の盾,25,遠隔無効,,0,32,8,8,3,128000,,
盾,10,デスマスクシェル,心核穿ち,40,死者支配,16,36,12,0,0,3,128000,,
盾,9,ジュエルシールド,対術反射,25,必殺耐性,40,20,20,0,0,4,96000,,
盾,9,ブラックシェル,必殺増加,30,ブロック,30,10,30,0,0,4,96000,,
盾,9,至高の究極の鍋蓋,砲撃結界,20,対術結界,30,0,24,12,4,4,96000,,
盾,9,アイギスの盾,必殺耐性,30,パリング,30,0,32,0,8,4,96000,,
盾,8,螺旋盤,術式増幅,10,多段攻撃,1,0,20,12,0,5,64000,16000,
盾,8,クルセイドシェル,自爆結界,30,特攻防御,60,6,20,6,0,5,64000,16000,
盾,8,グランドアンカー,反撃倍加,3,堅守体躯,25,0,24,8,0,5,64000,16000,
盾,8,巨神の盾,撃破金運,6,トレハン,12,16,32,-16,0,5,64000,16000,
盾,7,貝殻女王の盾,パリング,20,必殺耐性,20,4,24,0,0,100,32000,8000,
盾,7,スクトゥム,専守防衛,,堅守体躯,15,8,30,-10,0,100,32000,8000,
盾,7,エースバックラー,特攻防御,35,ブロック,20,5,15,5,3,100,32000,8000,
盾,7,英雄の盾,扇形無効,,パリング,15,4,20,4,0,100,32000,8000,
盾,6,ヘブンウールシェル,無形体躯,15,特攻防御,30,-8,24,4,4,100,16000,4000,
盾,6,妖精騎士の盾,イベイド,15,前進防御,,0,12,12,0,100,16000,4000,
盾,6,魔界コックの鍋蓋,貫通無効,,反撃倍加,2,4,14,0,6,100,16000,4000,
盾,6,ミスリルシールド,防御布陣,15,対術結界,15,4,16,4,0,100,16000,4000,
盾,5,ライオットシールド,堅守体躯,10,砲撃結界,15,0,12,8,0,100,8000,2000,
盾,5,スパイクシールド,必殺増加,15,反撃耐性,25,8,12,0,0,100,8000,2000,
盾,5,黄金の鉄鍋,グルメ魂,4,解毒治療,,0,16,0,4,100,8000,2000,
盾,5,ゴールドシールド,戦術結界,15,撃破金運,4,0,16,4,0,100,8000,2000,
盾,4,ティンペー,ブロック,10,カブト割,10,0,20,-4,0,100,2000,500,
盾,4,パイキングの盾,撃破金運,3,トレハン,5,4,8,4,0,100,2000,500,
盾,4,鬼面の盾,致命耐性,20,堅守体躯,10,8,8,0,0,100,2000,500,
盾,4,ホーリーシールド,解呪治療,,対術結界,10,3,10,3,0,100,2000,500,
盾,3,ソードシールド,反撃倍加,1,必殺増加,5,10,10,-8,0,100,800,200,
盾,3,灯火の盾,火炎放射,5,奇襲警戒,7,6,3,0,3,100,800,200,
盾,3,樹海部族の盾,術式増幅,3,必殺耐性,5,0,4,4,4,100,800,200,
盾,3,カイトシールド,ブロック,6,削減治療,,0,8,4,0,100,800,200,
盾,2,ちゃぶ台の盾,パリング,7,,,8,0,0,0,100,400,100,
盾,2,置き盾,イベイド,4,専守防衛,,0,6,2,0,100,400,100,
盾,2,鉄鍋,グルメ魂,2,,,0,5,0,3,100,400,100,
盾,2,シールド,ブロック,4,,,2,6,0,0,100,400,100,
盾,1,まな板,グルメ魂,1,,,2,2,0,0,100,200,50,
盾,1,ウッドシールド,反撃耐性,5,,,1,3,0,0,100,200,50,
盾,1,なべのふた,トレハン,1,,,1,1,1,1,100,200,50,
盾,1,バックラー,ブロック,2,,,0,4,0,0,100,200,50,
鎧,14,冥王の鎧,無形体躯,50,堅守体躯,75,70,70,-20,-20,1,512000,,
鎧,14,メルトセゲル鎧甲,次元障壁,60,回帰治癒,30,0,100,-20,20,1,512000,,
鎧,14,黒皇の鎧,砲撃結界,50,範囲無効,,30,70,0,0,1,512000,,
鎧,14,魔神王の鎧,対術結界,50,堅守体躯,60,52,72,-24,0,1,512000,,
鎧,13,英雄王の鎧,乾坤一擲,60,英雄覇気,20,36,36,6,6,2,384000,,
鎧,13,シャリーアの鎧,巨人狩り,60,狂戦士化,60,48,36,0,0,2,384000,,
鎧,13,魔竜王の軍服,多段攻撃,4,大氷撃陣,15,48,24,12,0,2,384000,,
鎧,13,魔戦后の神鎧,カブト割,50,神魔体躯,10,36,36,12,0,2,384000,,
鎧,12,獄炎勇者の鎧,心核穿ち,40,狂奔の牙,15,48,24,0,0,2,256000,,
鎧,12,獄雷隷嬢の戦着,確率追撃,105,トレハン,18,48,12,12,0,2,256000,,
鎧,12,黒鬼将の鎧,特攻防御,60,堅守体躯,35,32,40,0,0,2,256000,,
鎧,12,光輝の神鎧,至高の盾,30,神魔体躯,10,24,40,8,0,2,256000,,
鎧,11,神炎勇者の鎧,必殺増加,45,勇猛果敢,,16,32,12,0,3,192000,,
鎧,11,焔王戦着,全域無効,,炎霊活性,50,48,12,0,0,3,192000,,
鎧,11,桜花華竜公主甲冑,集約攻撃,,十字無効,,32,16,12,0,3,192000,,
鎧,11,不死鳥の鎧,自決自爆,75,リカバリ,75,0,48,6,6,3,192000,,
鎧,10,祝福の鎧,戦術結界,30,堅守体躯,25,16,32,0,0,3,128000,,
鎧,10,エリキシルメイル,反撃倍加,3,師団支配,20,12,24,0,12,3,128000,,
鎧,10,竜王の鎧,巨人狩り,40,竜鱗守護,100,16,32,0,0,3,128000,,
鎧,10,クリムゾンメイル,師団活性,15,自爆結界,50,20,20,0,8,3,128000,,
鎧,9,リンリンアーマー,特攻防御,40,無形体躯,30,20,0,20,0,4,96000,,
鎧,9,ネフティス将軍服,狂奔の牙,12,師団指揮,10,24,12,0,4,4,96000,,
鎧,9,幽鬼将の鎧,致命必殺,90,死の軍勢,10,30,20,-10,0,4,96000,,
鎧,9,ハリケーンメイル,パリング,20,イベイド,40,0,12,28,0,4,96000,,
鎧,8,サイバーアーマー,多段攻撃,1,致命必殺,30,14,14,0,6,5,64000,16000,
鎧,8,ゴーレムスーツ,遠隔攻撃,,全力攻撃,40,20,22,-10,0,5,64000,16000,
鎧,8,竜紋の甲冑,乾坤一擲,20,竜鱗守護,70,12,20,0,0,5,64000,16000,
鎧,8,巨神の鎧,撃破金運,6,トレハン,12,22,30,-20,0,5,64000,16000,
鎧,7,天界兵の鎧,異常耐性,,堅守体躯,15,0,8,16,4,100,32000,8000,
鎧,7,Kプロテクター,前進防御,,リカバリ,25,0,28,0,0,100,32000,8000,
鎧,7,魔将の鎧,扇形無効,,特攻防御,30,16,20,-8,0,100,32000,8000,
鎧,7,英雄の鎧,貫通無効,,砲撃結界,15,4,24,0,0,100,32000,8000,
鎧,6,般若武者の鎧,カブト割,20,雷撃放射,4,12,12,0,0,100,16000,4000,
鎧,6,妖精騎士の鎧,至高の盾,10,奇襲警戒,10,0,4,20,0,100,16000,4000,
鎧,6,南方騎士の鎧,全力攻撃,20,男性活性,6,5,14,5,0,100,16000,4000,
鎧,6,ミスリルアーマー,防御布陣,15,対術結界,15,0,20,4,0,100,16000,4000,
鎧,5,カラクリ忍者鎧,致命必殺,45,側面攻撃,6,0,8,12,0,100,8000,2000,
鎧,5,スパイクアーマー,必殺耐性,20,致命必殺,25,10,14,0,-4,100,8000,2000,
鎧,5,デモンズメイル,必殺増加,10,堅守体躯,15,8,16,-4,0,100,8000,2000,
鎧,5,ゴールドアーマー,戦術結界,15,トレハン,8,0,16,0,4,100,8000,2000,
鎧,4,亀甲羅の鎧,ブロック,10,竜鱗守護,30,0,16,0,0,100,2000,500,
鎧,4,武芸者の胴丸,必殺増加,5,反撃耐性,15,6,10,0,0,100,2000,500,
鎧,4,大魔物メイル,カブト割,10,堅守体躯,10,0,12,4,0,100,2000,500,
鎧,4,ホーリーアーマー,解呪治療,,対術障壁,40,0,12,0,4,100,2000,500,
鎧,3,肉襦袢,堅守体躯,5,必殺耐性,10,8,8,-4,0,100,800,200,
鎧,3,シルバーチェイン,パリング,8,反撃耐性,10,4,8,0,0,100,800,200,
鎧,3,魔物メイル,自己治癒,5,イベイド,8,0,8,4,0,100,800,200,
鎧,3,プレートアーマー,パリング,8,必殺耐性,4,6,10,-4,0,100,800,200,
鎧,2,足軽の鎧,必殺増加,5,,,2,4,2,0,100,400,100,
鎧,2,スケイルアーマー,竜鱗守護,15,,,0,5,3,0,100,400,100,
鎧,2,チェインメイル,パリング,4,,,3,5,0,0,100,400,100,
鎧,2,油塗れの鎧,イベイド,5,,,0,4,4,0,100,400,100,
鎧,1,木の鎧,反撃耐性,5,,,0,3,1,0,100,200,50,
鎧,1,獣人の腰帯,奇襲警戒,3,,,2,1,1,0,100,200,50,
鎧,1,腰蓑,攻撃布陣,2,,,2,0,2,0,100,200,50,
鎧,1,いっちょうら,トレハン,1,,,0,2,0,2,100,200,50,
獣装,14,世界樹竜の宝玉角,次元斬撃,40,カブト割,40,40,80,0,0,1,512000,,
獣装,14,魔神王の竜角,無効喰い,40,次元障壁,40,120,0,-20,0,1,512000,,
獣装,14,ディミルギアコア,軍団弱体,50,地形無効,,60,60,0,-20,1,512000,,
獣装,14,テスラの封冠,超強酸砲,8,トレハン,24,48,48,-20,24,1,512000,,
獣装,13,ジグラード・コア,城壁構築,300,範囲無効,,36,36,0,12,2,384000,,
獣装,13,ラーの神翼,バリアー,12,リバイブ,80,24,24,24,12,2,384000,,
獣装,13,獄竜の水唱核,巨人狩り,120,堅守体躯,40,60,24,0,0,2,384000,,
獣装,13,バハムートホーン,集約攻撃,,乾坤一擲,20,72,0,0,12,2,384000,,
獣装,12,鯨神の金鎧,大水流陣,25,自爆結界,50,24,48,0,0,2,256000,,
獣装,12,神竜のヒゲ,バリアー,10,神魔体躯,10,36,0,24,12,2,256000,,
獣装,12,獄紋装甲,狂奔の牙,15,無形体躯,40,36,60,-24,0,2,256000,,
獣装,12,マグナホーン,カブト割,35,巨人狩り,50,60,12,0,0,2,256000,,
獣装,11,星神の霊翼,多段攻撃,3,超毒気砲,5,42,0,42,-24,3,192000,,
獣装,11,極楽浄土ノネズミ,全域無効,,平等治癒,15,0,0,60,0,3,192000,,
獣装,11,禁獣の封冠,確率追撃,90,特攻防御,65,48,-12,24,0,3,192000,,
獣装,11,邪竜のヒゲ,大強酸陣,13,側面無効,,60,0,0,0,3,192000,,
獣装,10,でいだらの抱え山,城壁構築,300,堅守体躯,30,48,48,-48,0,3,128000,,
獣装,10,宝石獣の甲羅,トレハン,20,対術反射,25,0,48,0,0,3,128000,,
獣装,10,九頭龍の冠,巨人狩り,25,確率追撃,80,30,10,0,8,3,128000,,
獣装,10,デスホースの鼻輪,無形体躯,25,堅守体躯,25,36,12,0,0,3,128000,,
獣装,9,麒麟の雷角,心核穿ち,40,雷撃砲弾,10,32,0,8,0,4,96000,,
獣装,9,聖獣のたてがみ,特攻防御,60,戦術結界,30,16,8,16,0,4,96000,,
獣装,9,聖獣の金冠,異常耐性,,全体治癒,10,16,16,0,8,4,96000,,
獣装,9,デビル獅子舞,撃破金運,7,トレハン,16,24,0,16,0,4,96000,,
獣装,8,デスファング,虹の毒撃,15,大毒気陣,10,8,4,20,0,5,64000,16000,
獣装,8,ドラゴンヘッド,乾坤一擲,20,竜鱗守護,70,16,16,0,0,5,64000,16000,
獣装,8,炎のたてがみ,大火炎陣,8,自爆結界,35,20,0,8,4,5,64000,16000,
獣装,8,騎竜王の鞍,特攻防御,45,前進防御,,8,16,8,0,5,64000,16000,
獣装,7,魔界ペットハウス,兵士運搬,,戦意高揚,100,-2,30,0,0,100,32000,8000,
獣装,7,ミミックハウス,撃破金運,6,トレハン,12,0,20,0,8,100,32000,8000,
獣装,7,英雄の鞍,多段攻撃,1,堅守体躯,15,12,12,4,0,100,32000,8000,
獣装,7,ドラゴンスケイル,竜鱗守護,60,自爆結界,20,10,25,0,-7,100,32000,8000,
獣装,6,いたわりの櫛,全体治癒,5,勇猛果敢,,0,16,8,0,100,16000,4000,
獣装,6,妖精の手綱,側面攻撃,6,矮小体躯,15,0,6,12,6,100,16000,4000,
獣装,6,暴獣の足かせ,反撃倍加,1,致命必殺,50,16,16,-8,0,100,16000,4000,
獣装,6,ジゴク野ネズミ,必殺増加,15,獣族特攻,1,8,8,8,0,100,16000,4000,
獣装,5,黄金の入れ牙,撃破金運,4,トレハン,6,15,0,0,5,100,8000,2000,
獣装,5,マタドールマント,イベイド,10,狂戦士化,15,8,8,4,0,100,8000,2000,
獣装,5,牽引戦車,カブト割,15,速度布陣,4,0,8,12,0,100,8000,2000,
獣装,5,ビーストスケイル,パリング,10,致命耐性,25,4,16,0,0,100,8000,2000,
獣装,4,触手男爵の帽子,確率追撃,20,グルメ魂,3,4,0,12,0,100,2000,500,
獣装,4,魔界風鈴,自爆結界,10,削減治療,,0,4,8,4,100,2000,500,
獣装,4,スパイクショルダー,反撃倍加,1,堅守体躯,10,8,12,-4,0,100,2000,500,
獣装,4,イビルホーン,全力攻撃,15,人間特攻,1,12,4,4,-4,100,2000,500,
獣装,3,魔獣の襟巻,カブト割,8,必殺耐性,10,4,4,4,0,100,800,200,
獣装,3,吊り人参,前進防御,,全力攻撃,15,4,0,8,0,100,800,200,
獣装,3,魔獣用軟膏,必殺増加,10,解毒治療,,0,4,4,4,100,800,200,
獣装,3,怪牛の鼻輪,致命必殺,15,攻撃布陣,4,8,4,0,0,100,800,200,
獣装,2,タケノコ帽子,奇襲戦法,6,グルメ魂,1,2,0,6,0,100,400,100,
獣装,2,アイアンホーン,全力攻撃,8,,,6,0,2,0,100,400,100,
獣装,2,鉄輪の鼻輪,反撃耐性,8,,,4,4,0,0,100,400,100,
獣装,2,魔界ペットの服,自己治癒,2,,,2,4,0,2,100,400,100,
獣装,1,老獣の入れ牙,致命必殺,3,,,2,0,2,0,100,200,50,
獣装,1,襟巻,致命耐性,5,,,2,2,0,0,100,200,50,
獣装,1,獣のピアス,獣族活性,1,,,3,1,0,0,100,200,50,
獣装,1,手綱,専守防衛,,,,0,0,3,1,100,200,50,
法衣,14,星海の冥衣,報復の牙,30,狂奔の牙,30,60,20,0,20,1,512000,,
法衣,14,極夜の神衣,範囲無効,,地形無効,,20,60,0,20,1,512000,,
法衣,14,創世の神衣,停止攻撃,40,軍団支配,40,40,40,0,20,1,512000,,
法衣,14,テスタメント,特攻防御,50,堅守体躯,50,40,40,20,0,1,512000,,
法衣,13,太陽の神衣,大神術陣,22,トレハン,22,14,48,8,14,2,384000,,
法衣,13,絶対神のローブ,多段攻撃,4,神族支配,40,48,0,20,16,2,384000,,
法衣,13,封魔王のマント,集約攻撃,,堅守体躯,40,24,48,12,0,2,384000,,
法衣,13,天轟聖竜のローブ,大雷撃陣,30,雷撃砲弾,30,48,24,0,12,2,384000,,
法衣,12,月神のドレス,軍団治癒,7,バリアー,14,30,30,0,12,2,256000,,
法衣,12,メディーナの霊衣,器兵支配,30,リバイブ,50,24,24,12,12,2,256000,,
法衣,12,暗獄のコート,カブト割,50,魔族支配,20,60,0,12,0,2,256000,,
法衣,12,大魔王のマント,巨人狩り,60,致命必殺,60,48,16,0,8,2,256000,,
法衣,11,菫青の魔術法衣,大毒気陣,18,術式増幅,18,32,0,12,16,3,192000,,
法衣,11,魔学者のローブ,心核穿ち,80,師団支配,16,30,0,20,10,3,192000,,
法衣,11,次元王のマント,次元障壁,50,対術結界,25,0,30,18,12,3,192000,,
法衣,11,ニヴェルネの霊衣,砲撃結界,40,海洋支配,25,14,30,0,16,3,192000,,
法衣,10,光の司教法衣,反撃倍加,3,特攻防御,50,24,12,0,12,3,128000,,
法衣,10,花蓮装束,多段攻撃,2,堅守体躯,25,24,24,0,0,3,128000,,
法衣,10,八卦陰陽装束,遠隔無効,,大神術陣,10,12,0,24,12,3,128000,,
法衣,10,グリザーニドレス,次元斬撃,25,魔族活性,10,32,0,8,8,3,128000,,
法衣,9,翡翠の精霊法衣,大魔術陣,12,術式増幅,12,20,0,8,12,4,96000,,
法衣,9,魔導大公のローブ,乾坤一擲,25,戦術結界,30,24,0,10,6,4,96000,,
法衣,9,アドミラルコート,師団指揮,10,武具研磨,40,15,0,15,10,4,96000,,
法衣,9,ネメシアローブ,魔族医療,15,大強酸陣,8,24,8,0,8,4,96000,,
法衣,8,夜刀くノ一装束,確率追撃,70,イベイド,25,16,0,16,0,5,64000,16000,
法衣,8,ドラゴンメイド服,心核穿ち,40,戦意高揚,50,20,12,0,0,5,64000,16000,
法衣,8,錬金術師のローブ,撃破金運,7,トレハン,14,0,8,16,8,5,64000,16000,
法衣,8,白夜の星屑,自決自爆,75,全力攻撃,50,42,-20,10,0,5,64000,16000,
法衣,7,死神のドレス,多段攻撃,1,無形体躯,15,18,0,10,0,100,32000,8000,
法衣,7,鉄輪一座の服,報復の牙,15,カブト割,15,24,0,0,4,100,32000,8000,
法衣,7,魔界メンズコート,大魔術陣,9,女性特攻,1,16,4,0,8,100,32000,8000,
法衣,7,聖女の法衣,全体治癒,8,対術結界,15,0,16,6,6,100,32000,8000,
法衣,6,妖精のポンチョ,側面攻撃,10,矮小体躯,15,0,0,24,0,100,16000,4000,
法衣,6,フェザー商会の服,撃破金運,6,イベイド,15,0,0,18,6,100,16000,4000,
法衣,6,上忍装束,必殺増加,15,確率追撃,35,12,0,12,0,100,16000,4000,
法衣,6,闇司祭のローブ,全力攻撃,30,大強酸陣,4,14,0,4,6,100,16000,4000,
法衣,5,魔界ナース服,男性特攻,1,心核穿ち,15,12,0,0,8,100,8000,2000,
法衣,5,料理長エプロン,グルメ魂,4,削減治療,,0,0,14,6,100,8000,2000,
法衣,5,アサシンクローク,全力攻撃,10,致命必殺,40,20,0,0,0,100,8000,2000,
法衣,5,ゴールドローブ,撃破金運,3,トレハン,8,8,12,0,0,100,8000,2000,
法衣,4,クピドの白衣,運命改変,7,魅了攻撃,1,0,10,0,6,100,2000,500,
法衣,4,サーコート,前進防御,,堅守体躯,10,0,16,0,0,100,2000,500,
法衣,4,軍師のケープ,攻撃布陣,8,側面攻撃,6,10,0,0,6,100,2000,500,
法衣,4,ノルニルローブ,全体治癒,3,解呪治療,,0,8,4,4,100,2000,500,
法衣,3,スケープコート,リカバリ,10,標的後逸,,0,-8,16,4,100,800,200,
法衣,3,下忍装束,致命必殺,25,奇襲戦法,6,4,0,8,0,100,800,200,
法衣,3,魔術師のローブ,大魔術陣,2,対術結界,10,4,4,0,4,100,800,200,
法衣,3,神官のローブ,全体治癒,2,解毒治療,,0,4,4,4,100,800,200,
法衣,2,みのぼうし,自爆障壁,10,氷霊活性,2,0,5,3,0,100,400,100,
法衣,2,料理エプロン,グルメ魂,2,,,0,5,0,3,100,400,100,
法衣,2,盗人の外套,奇襲戦法,3,トレハン,2,3,0,5,0,100,400,100,
法衣,2,ローブ,魔術砲弾,1,,,0,5,0,3,100,400,100,
法衣,1,原始人のベスト,グルメ魂,1,,,3,0,0,1,100,200,50,
法衣,1,レザーベスト,撃破金運,1,,,1,1,0,2,100,200,50,
法衣,1,見習いローブ,魔術放射,1,専守防衛,,0,1,1,2,100,200,50,
法衣,1,ボロきれ,速度布陣,2,,,0,1,2,1,100,200,50,
装飾,14,太陽創神の聖冠,血の起源,40,自決自爆,200,60,0,30,10,1,512000,,
装飾,14,世界崩壊スイッチ,軍団攻撃,2,暴走攻撃,96,130,-30,0,0,1,512000,,
装飾,14,真装ラグナロク,次元斬撃,55,軍団攻撃,2,108,0,-24,24,1,512000,,
装飾,14,始祖竜の結界石,範囲無効,,次元障壁,50,20,64,0,16,1,512000,,
装飾,13,嵐竜創神の羽衣,多段攻撃,5,速勢転化,30,48,0,36,0,2,384000,,
装飾,13,ラグーンキューブ,回帰治癒,25,トレハン,24,36,36,0,12,2,384000,,
装飾,13,召神翼,次元斬撃,35,超神術砲,10,32,14,24,14,2,384000,,
装飾,13,封魔王の冠,次元障壁,40,堅守体躯,40,48,24,0,12,2,384000,,
装飾,12,彼岸花の髪飾り,致命必殺,150,反撃倍加,4,44,0,12,16,2,256000,,
装飾,12,自律兵器アルゴス,全域攻撃,,巨人狩り,50,60,0,12,0,2,256000,,
装飾,12,不死身の球根,無形体躯,40,守勢転化,30,0,72,0,0,2,256000,,
装飾,12,傾界九尾の帽子,獣族支配,40,知勢転化,30,36,24,0,12,2,256000,,
装飾,11,ソーマエンジン,カブト割,40,攻勢転化,30,12,0,48,0,3,192000,,
装飾,11,演算サポドクター,多段攻撃,3,運命の輪,7,0,0,42,18,3,192000,,
装飾,11,秘石のペンダント,平等治癒,14,術式増幅,20,0,40,10,10,3,192000,,
装飾,11,魔導竜の帽子,大魔術陣,12,自爆結界,50,32,0,12,16,3,192000,,
装飾,10,夜刀の聖冠,対術結界,35,戦術結界,30,0,24,12,12,3,128000,,
装飾,10,海賊姫の帽子,巨人狩り,50,トレハン,18,32,16,0,0,3,128000,,
装飾,10,欲望の仮面,無形体躯,25,堅守体躯,25,24,16,0,8,3,128000,,
装飾,10,フェルストーン,全体治癒,15,絶対治療,,0,36,0,12,3,128000,,
装飾,9,エリキシルチャージ,全力攻撃,50,自決自爆,50,20,0,20,0,4,96000,,
装飾,9,黒騎士の宝冠,至高の盾,20,前進防御,,10,30,0,0,4,96000,,
装飾,9,魔導帽グラッドアイ,乾坤一擲,20,側面無効,,30,0,0,10,4,96000,,
装飾,9,ミラーフィールド,砲撃結界,30,バリアー,7,0,40,0,0,4,96000,,
装飾,8,悪魔司祭の聖帽,師団指揮,6,リバイブ,20,12,12,0,8,5,64000,16000,
装飾,8,般若の印籠,必殺増加,25,致命必殺,25,24,8,0,0,5,64000,16000,
装飾,8,楓のお面,グルメ魂,6,トレハン,14,12,12,2,6,5,64000,16000,
装飾,8,竜のホワイトブリム,多段攻撃,2,カブト割,15,4,0,24,4,5,64000,16000,
装飾,7,タクティカストッカー,狂奔の牙,15,術式増幅,7,12,12,0,4,100,32000,8000,
装飾,7,アルラウネフラワー,反撃耐性,40,堅守体躯,20,4,24,0,0,100,32000,8000,
装飾,7,魔封石,魔族支配,12,兵士運搬,,12,0,12,4,100,32000,8000,
装飾,7,ダンスシューズ,確率追撃,50,イベイド,25,4,0,20,0,100,32000,8000,
装飾,6,魔導通信機,火炎砲弾,7,奇襲警戒,12,12,0,0,12,100,16000,4000,
装飾,6,ガンナードローン,多段攻撃,1,側面攻撃,3,16,0,8,0,100,16000,4000,
装飾,6,ガードチャーム,自己治癒,5,特攻防御,40,0,20,0,4,100,16000,4000,
装飾,6,ハンター・ベレー,遠隔攻撃,,飛行特攻,1,8,0,16,0,100,16000,4000,
装飾,5,トレジャーボックス,撃破金運,5,トレハン,8,0,14,0,6,100,8000,2000,
装飾,5,べヒモス車掌帽,師団活性,5,夜戦適応,,6,10,0,4,100,8000,2000,
装飾,5,金のモーターギア,カブト割,15,速度支配,10,0,0,20,0,100,8000,2000,
装飾,5,ウィッチ・ハット,対術結界,15,戦術結界,15,16,0,0,4,100,8000,2000,
装飾,4,エーテルタンク,全力攻撃,10,自決自爆,20,10,6,0,0,100,2000,500,
装飾,4,演算サポメイド,必殺増加,15,運命改変,7,0,0,8,8,100,2000,500,
装飾,4,枢機卿の聖帽,全体治癒,5,砲撃結界,10,0,8,4,4,100,2000,500,
装飾,4,魔性の首飾り,乾坤一擲,5,狂戦士化,5,24,0,0,-8,100,2000,500,
装飾,3,魔法の水筒,グルメ魂,2,解毒治療,,0,10,0,2,100,800,200,
装飾,3,火器制御チップ,致命必殺,20,火炎放射,6,20,-8,0,0,100,800,200,
装飾,3,涙石のイヤリング,撃破金運,3,自己治癒,5,0,6,4,2,100,800,200,
装飾,3,魔術師の指輪,魔術放射,8,対術結界,10,8,0,0,4,100,800,200,
装飾,2,鉄の腕輪,カブト割,3,,,6,2,0,0,100,400,100,
装飾,2,空賊のゴーグル,奇襲警戒,6,,,0,0,8,0,100,400,100,
装飾,2,メスヤーキの守り,リカバリ,2,,,0,8,0,0,100,400,100,
装飾,2,ピエロ帽子,先陣の誉,,,,0,0,6,2,100,400,100,
装飾,1,ベルトポーチ,撃破金運,1,,,0,2,2,0,100,200,50,
装飾,1,伊達メガネ,知力布陣,1,,,3,0,0,1,100,200,50,
装飾,1,貝のイヤリング,戦意高揚,5,,,0,0,3,1,100,200,50,
装飾,1,鼻ピアス,必殺増加,1,,,3,1,0,0,100,200,50,
道具,14,レメゲトンの魔書,戦意高揚,500,運命の輪,10,40,20,20,20,1,512000,,
道具,14,極竜の心臓,竜歌共鳴,25,堅守体躯,75,120,0,0,-20,1,512000,,
道具,14,竜杯,次元斬撃,50,暴走攻撃,90,40,40,15,5,1,512000,,
道具,14,闇の書,師団弱体,30,愚者の嘘,2,80,-20,10,30,1,512000,,
道具,13,黒鏡フツノミタマ,戦術妨害,100,次元障壁,40,-32,100,0,16,2,384000,,
道具,13,暗獄の六翼,カブト割,50,加速進化,10,42,0,42,0,2,384000,,
道具,13,ヒュギエイアの盃,魔族支配,50,術式増幅,20,70,30,-8,-8,2,384000,,
道具,13,聖樹の鍵,師団指揮,15,トレハン,24,40,24,10,10,2,384000,,
道具,12,シャハラインの傘,対術吸収,100,無形体躯,,32,32,0,8,2,256000,,
道具,12,極夜の鍵,致命必殺,200,愚者の嘘,1,48,24,0,0,2,256000,,
道具,12,黒竜の魔導書,大魔術陣,20,対術結界,60,60,0,0,12,2,256000,,
道具,12,ウルザルブルン,バリアー,10,十字無効,,16,44,0,12,2,256000,,
道具,11,フツノミタマ,戦術補助,50,至高の盾,30,0,48,0,12,3,192000,,
道具,11,デモンロイヤル,巨人狩り,50,堅守体躯,35,66,0,0,-6,3,192000,,
道具,11,シャリーアの聖杯,平等治癒,15,血の起源,15,0,40,0,20,3,192000,,
道具,11,ギャラルホルン,確率追撃,125,速度支配,40,0,0,60,0,3,192000,,
道具,10,月神の聖典,全力攻撃,40,乾坤一擲,20,16,24,0,8,3,128000,,
道具,10,ラーベラカルクス,対術結界,45,砲撃結界,30,24,12,0,12,3,128000,,
道具,10,ミュステリオン,平等治癒,12,リバイブ,25,8,24,8,8,3,128000,,
道具,10,ヨーキエリクシル,リカバリ,30,堅守体躯,30,0,50,0,-2,3,128000,,
道具,9,地獄鬼のどぶろく,カブト割,25,狂戦士化,30,60,0,0,-20,4,96000,,
道具,9,ライラの堅琴,トレハン,16,師団弱体,15,4,0,32,4,4,96000,,
道具,9,ヴァナヘイム,対術結界,40,戦術結界,35,0,32,0,8,4,96000,,
道具,9,シャドウグリモア,多段攻撃,2,解除攻撃,,32,0,0,8,4,96000,,
道具,8,口寄せの巻物,巨人狩り,30,兵士運搬,,16,0,16,0,5,64000,16000,
道具,8,破邪符,扇形攻撃,,砲撃結界,25,16,12,0,4,5,64000,16000,
道具,8,鏡の国の架け橋,奇襲戦法,20,側面攻撃,20,15,0,15,2,5,64000,16000,
道具,8,大公印の医療鞄,師団活性,20,女性特攻,1,26,0,0,6,5,64000,16000,
道具,7,ルーンストーン,大魔術陣,10,術式増幅,6,8,8,6,6,100,32000,8000,
道具,7,ソルティムーン,日中適応,,夜行生物,25,7,7,7,7,100,32000,8000,
道具,7,万能薬,全体治癒,8,絶対治療,,12,12,0,4,100,32000,8000,
道具,7,魔界炸裂弾,全力攻撃,30,自決自爆,40,36,-8,0,0,100,32000,8000,
道具,6,伝達水晶,戦術妨害,40,戦意高揚,60,0,12,8,4,100,16000,4000,
道具,6,ブラッドラグーン,無形体躯,20,吸血攻撃,5,18,0,0,6,100,16000,4000,
道具,6,シャープネスアイ,致命必殺,45,確率追撃,35,0,0,14,10,100,16000,4000,
道具,6,日輪扇,多段攻撃,1,特攻防御,20,8,12,0,4,100,16000,4000,
道具,5,触手印の治癒溶液,回帰治癒,10,思考停止,,0,20,0,0,100,8000,2000,
道具,5,ワイトレディ,夜戦適応,,リカバリ,15,10,10,0,0,100,8000,2000,
道具,5,フェネの丸秘帳簿,撃破金運,5,トレハン,6,14,0,0,6,100,8000,2000,
道具,5,ビーストリキッド,全力攻撃,15,狂奔の牙,4,16,12,0,-8,100,8000,2000,
道具,4,デビルマダムの煙管,カブト割,10,戦意高揚,25,10,0,0,6,100,2000,500,
道具,4,バリアリーフ,バリアー,1,堅守体躯,10,0,16,0,0,100,2000,500,
道具,4,戦術指導教本,砲撃結界,15,奇襲戦法,12,6,6,0,4,100,2000,500,
道具,4,オリファンの角笛,師団活性,5,奇襲警戒,12,8,4,0,4,100,2000,500,
道具,3,魔法のランプ,グルメ魂,2,撃破金運,3,4,4,4,0,100,800,200,
道具,3,徒弟のグリモア,魔術放射,8,対術結界,10,4,4,0,4,100,800,200,
道具,3,炸裂弾,城壁崩し,30,自決自爆,15,16,-4,0,0,100,800,200,
道具,3,矢筒,遠隔攻撃,,確率追撃,10,4,0,8,0,100,800,200,
道具,2,ダウジングロッド,撃破金運,2,,,2,2,2,2,100,400,100,
道具,2,偵察レンズ,奇襲戦法,6,,,0,0,8,0,100,400,100,
道具,2,占いオーブ,奇襲警戒,6,,,0,0,6,2,100,400,100,
道具,2,魔界消毒剤,削減治療,,狂戦士化,2,0,6,0,2,100,400,100,
道具,1,じゃんけんセット,背水の陣,3,,,1,1,1,1,100,200,50,
道具,1,マヒトール草,自己治癒,2,麻痺治療,,0,2,2,0,100,200,50,
道具,1,強力解毒剤,解毒治療,,サボリ癖,,0,3,0,1,100,200,50,
道具,1,救急カバン,全体治癒,1,,,0,0,2,2,100,200,50,
糧食,14,絶神屋台のおでん,次元斬撃,15,,,50,40,0,10,4,102400,,
糧食,14,太陽鳥のケバブ,トレハン,10,,,0,50,40,10,4,102400,,
糧食,14,ジェネシスワイン,回帰治癒,15,,,0,84,0,16,4,102400,,
糧食,14,神魔全席,神魔体躯,15,,,25,25,25,25,4,102400,,
糧食,13,地獄磯焼き,自爆結界,35,,,24,16,32,12,8,76800,,
糧食,13,神竜ステーキ,堅守体躯,30,,,48,36,0,0,8,76800,,
糧食,13,奉神米,砲撃結界,35,,,36,12,24,12,8,76800,,
糧食,13,ゴッデスサンデー,リバイブ,20,,,0,64,0,20,8,76800,,
糧食,12,神龍のひげ飴,軍団治癒,5,,,12,60,0,0,12,51200,,
糧食,12,不死身の寿司,戦術結界,25,,,24,0,36,12,12,51200,,
糧食,12,ロンタン麺,多段攻撃,2,,,24,0,48,0,12,51200,,
糧食,12,百宝菜,カブト割,20,,,40,0,32,0,12,51200,,
糧食,11,コメット炒飯,対術結界,25,,,20,0,32,8,16,38400,,
糧食,11,極上魔界ビフテキ,堅守体躯,20,,,10,50,0,0,16,38400,,
糧食,11,常闇鍋,無形体躯,20,,,40,40,0,-20,16,38400,,
糧食,11,魔海の幸黄金カレー,自爆結界,25,,,30,0,24,6,16,38400,,
糧食,10,十四尾きつねうどん,確率追撃,60,,,9,2,3,14,20,25600,,
糧食,10,ドラゴンステーキ,竜鱗守護,50,,,0,48,0,0,20,25600,,
糧食,10,アルケミーバーガー,トレハン,7,,,16,0,20,12,20,25600,,
糧食,10,地獄の愛情ラーメン,多段攻撃,1,,,24,0,24,0,20,25600,,
糧食,9,ドラセナンサラダ,全力攻撃,20,,,40,0,0,0,24,12800,,
糧食,9,ゴッドてんぷら,必殺増加,25,,,20,0,20,0,24,12800,,
糧食,9,ブラッドボルシチ,反撃耐性,35,,,28,12,0,0,24,12800,,
糧食,9,鬼ソバ,確率追撃,30,,,0,0,40,0,24,12800,,
糧食,8,パーシモン青椒肉絲,反撃倍加,2,,,16,16,0,0,28,9600,2400,
糧食,8,魔獣の骨髄ロースト,特攻防御,30,,,8,24,0,0,28,9600,2400,
糧食,8,天使飯,砲撃結界,15,,,0,0,24,8,28,9600,2400,
糧食,8,鬼饅頭,トレハン,4,,,12,0,16,4,28,9600,2400,
糧食,7,特製ドラゴン餃子,カブト割,10,,,28,0,0,0,100,6400,1600,
糧食,7,ビョールグレイ,異常耐性,,,,0,28,0,0,100,6400,1600,
糧食,7,フレアロブスター,自爆結界,15,,,16,0,12,0,100,6400,1600,
糧食,7,斬星大根,致命必殺,40,,,24,4,0,0,100,6400,1600,
糧食,6,ラフアップルパイ,グルメ魂,4,,,8,0,12,4,100,4800,1200,
糧食,6,パンダ麻婆豆腐,必殺増加,15,,,18,6,0,0,100,4800,1200,
糧食,6,いなづまおこし,リカバリ,20,,,10,4,10,0,100,4800,1200,
糧食,6,セイントブレッド,戦術結界,10,,,4,0,16,4,100,4800,1200,
糧食,5,魔界ビフテキ,堅守体躯,10,,,8,12,0,0,100,2400,600,
糧食,5,ブラッドスープ,反撃耐性,20,,,12,8,0,0,100,2400,600,
糧食,5,毒鳥の鉄砲焼き鳥,特攻防御,15,,,4,16,0,0,100,2400,600,
糧食,5,女房のはまぐりご飯,対術結界,10,,,8,0,10,2,100,2400,600,
糧食,4,コボルドクッキー,バリアー,2,,,8,0,8,0,100,1200,300,
糧食,4,魔界ハチミツアイス,解呪治療,,,,4,0,8,4,100,1200,300,
糧食,4,割腹プリン,削減治療,,,,12,0,4,0,100,1200,300,
糧食,4,魔界キビ団子,グルメ魂,3,,,8,0,6,2,100,1200,300,
糧食,3,紅蓮ようかん,グルメ魂,2,,,0,0,10,2,100,800,200,
糧食,3,魔蟲の琥珀ゼリー,麻痺治療,,,,6,0,6,0,100,800,200,
糧食,3,アルラウネジュース,解毒治療,,,,6,0,4,2,100,800,200,
糧食,3,ファンガスパスタ,確率追撃,15,,,0,0,12,0,100,800,200,
糧食,2,海鮮まりもサラダ,反撃倍加,1,,,0,8,0,0,100,400,100,
糧食,2,きんぴかごぽう,必殺増加,5,,,6,2,0,0,100,400,100,
糧食,2,かち氷,グルメ魂,1,,,6,0,2,0,100,400,100,
糧食,2,フェアリーチーズ,自己治癒,3,,,0,0,6,2,100,400,100,
糧食,1,マタンゴソテー,致命必殺,10,,,0,3,0,1,100,200,50,
糧食,1,フライングチキン,特攻防御,3,,,0,0,4,0,100,200,50,
糧食,1,魔界みそ汁,反撃耐性,10,,,0,4,0,0,100,200,50,
糧食,1,爆弾おにぎり,自爆障壁,10,,,4,0,0,0,100,200,50,