レギウス,ランサー,2,ブラック・ブレイズ,敵軍一列に小ダメージ,ダメージ,一列,小,敵軍全師団防御値ダウン(１５％),防御値,ダウン,１５％,,,,,,,,
レギウス,キャスター,3,サモン・サーバント,自軍全師団神族特攻付与(１),神,,1,自軍城壁拡張(中),城壁拡張,,中,,,,,,,,
レギウス,デストロイヤー,3,ブラック・ストーム,敵軍師団に中ダメージ,ダメージ,師団,中,敵軍城壁に小ダメージ,城壁ダメージ,,小,,,,,,,,
レギウス,キャスター,3,黒の契印,敵軍全師団全能力値ダウン(２０％),全能力値,ダウン,２０％,敵軍一列に封印付与,封印付与,一列,,,,,,,,,
レギウス,ブレイダー,4,ファントム・セイバー,敵軍単体に大ダメージ,ダメージ,単体,大,自軍全師団全能力値アップ(２０％),全能力値,アップ,２０％,フォース減少(中),フォース,減少,中,,,,
覚醒レギウス,ランサー,2,ブラック・バーン,敵軍一列に中ダメージ,ダメージ,一列,中,敵軍全師団防御値ダウン(３０％),防御値,ダウン,３０％,,,,,,,,
覚醒レギウス,キャスター,3,サモン・サーバント,自軍全師団神族特攻付与(１),神,,1,自軍全師団魔族特攻付与(１),魔,,1,自軍城壁拡張(大),城壁拡張,,大,,,,
覚醒レギウス,デストロイヤー,3,フェイトブリンガー,敵軍師団に大ダメージ,ダメージ,師団,大,敵軍城壁に小ダメージ,城壁ダメージ,,小,フォース増加(小),フォース,増加,小,,,,
覚醒レギウス,キャスター,3,黒の契印,敵軍全師団全能力値ダウン(３５％),全能力値,ダウン,３５％,敵軍全体に封印付与,封印付与,全師団,,,,,,,,,
覚醒レギウス,ブレイダー,4,ファントム・ブレイズ,敵軍単体に特ダメージ,ダメージ,単体,特,自軍全師団全能力値アップ(３５％),全能力値,アップ,３５％,フォース減少(中),フォース,減少,中,,,,
闇の王レギウス,ランサー,2,ダーク・ブレイズ,敵軍一列に中ダメージ,ダメージ,一列,中,フォース減少(小),フォース,減少,小,,,,,,,,
闇の王レギウス,キャスター,3,ダーク・サーバント,自軍全師団神族特攻付与(１),神,,1,自軍城壁拡張(大),城壁拡張,,大,,,,,,,,
闇の王レギウス,ブレイダー,3,ブラッド・セイバー,敵軍単体に特ダメージ,ダメージ,単体,特,自軍全師団男性特攻付与(１),男,,1,自軍全師団女性特攻付与(１),女,,1,自軍全師団獣族特攻付与(１),獣,,1
闇の王レギウス,キャスター,4,蝕の契印,自軍全師団全能力値アップ(３０％),全能力値,アップ,３０％,敵軍全師団全能力値ダウン(３０％),全能力値,ダウン,３０％,フォース吸収(小),フォース,吸収,小,,,,
闇の王レギウス,デストロイヤー,5,エクリプス,敵軍全師団に大ダメージ,ダメージ,全師団,大,敵軍城壁に大ダメージ,城壁ダメージ,,大,,,,,,,,
イシュタル,ヒーラー,2,紅のセラピア,自軍全師団回復(小),回復,全師団,小,自軍師団の状態異常を回復,状態異常回復,,,自軍師団に１ターン絶対治療付与,絶対治療付与,,,,,,
イシュタル,キャスター,1,月光のイストリア,フォース増加(大),フォース,増加,大,,,,,,,,,,,,
イシュタル,ガーダー,3,アリシアの加護,自軍城壁拡張(大),城壁拡張,,大,バリア効果(中),バリア,,中,,,,,,,,
イシュタル,ヒーラー,6,銀のプロメテイオン,自軍全師団蘇生(小),蘇生,全師団,小,,,,,,,,,,,,
イシュタル,キャスター,6,ヴァリア・シエラ,自軍全師団全能力値アップ(３５％),全能力値,アップ,３５％,自軍全師団死者特攻付与(１),死,,1,自軍全師団器兵特攻付与(１),器,,1,,,,
覚醒イシュタル,ヒーラー,2,真紅のセラピア,自軍全師団回復(大),回復,全師団,大,自軍師団の状態異常を回復,状態異常回復,,,自軍師団に１ターン絶対治療付与,絶対治療付与,,,,,,
覚醒イシュタル,キャスター,1,月神のイストリア,フォース増加(特大),フォース,増加,特大,,,,,,,,,,,,
覚醒イシュタル,キャスター,3,アリシアの賢世,バリア効果(大),バリア,,大,自軍全師団知力値アップ(３０％),知力値,アップ,３０％,,,,,,,,
覚醒イシュタル,ヒーラー,6,黄金のプロメテイオン,自軍全師団蘇生(中),蘇生,全師団,中,,,,,,,,,,,,
覚醒イシュタル,キャスター,6,創世のエレフセリア,自軍全師団全能力値アップ(５０％),全能力値,アップ,５０％,自軍全師団死者特攻付与(１),死,,1,自軍全師団器兵特攻付与(１),器,,1,,,,
冥神イシュタル,デストロイヤー,2,漆黒のピレトス,敵軍全体に毒化付与(４０％),毒化付与,全師団,４０％,敵軍全体に麻痺付与,麻痺付与,全師団,,敵軍全体に呪い付与,呪い付与,全師団,,敵軍全体に解除付与,解除付与,全師団,
冥神イシュタル,ブレイダー,3,暗黒のエクソリア,敵軍単体に大ダメージ,ダメージ,単体,大,敵軍単体に停止付与,停止付与,単体,,フォース減少(大),フォース,減少,大,,,,
冥神イシュタル,デストロイヤー,3,アマルティアの刻印,敵軍師団に中ダメージ,ダメージ,師団,中,敵軍全体に封印付与,封印付与,全師団,,自軍全師団神族特攻付与(１),神,,1,自軍全師団魔族特攻付与(１),魔,,1
冥神イシュタル,ヒーラー,5,闇のプロメテイオン,自軍全師団蘇生(中),蘇生,全師団,中,自軍師団の状態異常を回復,状態異常回復,,,自軍師団に１ターン絶対治療付与,絶対治療付与,,,,,,
冥神イシュタル,デストロイヤー,5,終焉のタナトス,敵軍全師団に大ダメージ,ダメージ,全師団,大,敵軍全師団全能力値ダウン(４０％),全能力値,ダウン,４０％,,,,,,,,
アーシェラ,ブレイダー,2,劫火槌,敵軍単体に中ダメージ,ダメージ,単体,中,自軍全師団樹霊特攻付与(１),樹,,1,,,,,,,,
アーシェラ,ランサー,3,聖狼牙,敵軍一列に小ダメージ,ダメージ,一列,小,自軍全師団攻撃値アップ(２５％),攻撃値,アップ,２５％,,,,,,,,
アーシェラ,キャスター,4,シリウスの眼,敵軍単体に停止付与,停止付与,単体,,自軍全師団速度値アップ(３０％),速度値,アップ,３０％,,,,,,,,
アーシェラ,キャスター,3,太陽の盾,自軍城壁拡張(大),城壁拡張,,大,バリア効果(中),バリア,,中,自軍師団の状態異常を回復,状態異常回復,,,自軍師団に１ターン絶対治療付与,絶対治療付与,,
アーシェラ,デストロイヤー,4,星炎流舞,敵軍師団に中ダメージ,ダメージ,師団,中,自軍全師団魔族特攻付与(１),魔,,1,自軍全師団死者特攻付与(１),死,,1,,,,
覚醒アーシェラ,ブレイダー,2,烈火戦槌,敵軍単体に大ダメージ,ダメージ,単体,大,自軍全師団樹霊特攻付与(１),樹,,1,自軍全師団氷霊特攻付与(１),氷,,1,,,,
覚醒アーシェラ,ランサー,3,神狼牙,敵軍一列に中ダメージ,ダメージ,一列,中,自軍全師団攻撃値アップ(４０％),攻撃値,アップ,４０％,,,,,,,,
覚醒アーシェラ,キャスター,4,シリウスの神眼,敵軍単体に停止付与,停止付与,単体,,自軍全師団速度値アップ(５０％),速度値,アップ,５０％,,,,,,,,
覚醒アーシェラ,キャスター,3,太陽の神盾,自軍城壁拡張(大),城壁拡張,,大,バリア効果(大),バリア,,大,自軍師団の状態異常を回復,状態異常回復,,,自軍師団に１ターン絶対治療付与,絶対治療付与,,
覚醒アーシェラ,デストロイヤー,4,彗星炎舞,敵軍師団に大ダメージ,ダメージ,師団,大,自軍全師団魔族特攻付与(１),魔,,1,自軍全師団死者特攻付与(１),死,,1,自軍全師団毒性特攻付与(１),毒,,1
悪アーシェラ,デストロイヤー,3,劫火殲滅陣,敵軍師団に中ダメージ,ダメージ,師団,中,自軍全師団樹霊特攻付与(１),樹,,1,自軍全師団蟲族特攻付与(１),蟲,,1,,,,
悪アーシェラ,ランサー,3,天魔狼爪,敵軍一列に中ダメージ,ダメージ,一列,中,自軍全師団攻撃値アップ(２５％),攻撃値,アップ,２５％,敵軍全師団防御値ダウン(２５％),防御値,ダウン,２５％,,,,
悪アーシェラ,キャスター,4,シリウスの魔眼,敵軍単体に停止付与,停止付与,単体,,自軍全師団速度値アップ(３０％),速度値,アップ,３０％,敵軍全師団速度値ダウン(３０％),速度値,ダウン,３０％,,,,
悪アーシェラ,デストロイヤー,3,獄炎の守護者,敵軍城壁に大ダメージ,城壁ダメージ,,大,バリア効果(大),バリア,,大,自軍師団の状態異常を回復,状態異常回復,,,自軍師団に１ターン絶対治療付与,絶対治療付与,,
悪アーシェラ,デストロイヤー,5,獄焔葬,敵軍全師団に小ダメージ,ダメージ,全師団,小,自軍全師団神族特攻付与(１),神,,1,自軍全師団獣族特攻付与(１),獣,,1,,,,
ミスタリア,ブレイダー,2,幻影光弾,敵軍単体に中ダメージ,ダメージ,単体,中,敵軍全師団知力値ダウン(２０％),知力値,ダウン,２０％,,,,,,,,
ミスタリア,キャスター,3,セフィロート,自軍城壁拡張(中),城壁拡張,,中,フォース増加(中),フォース,増加,中,,,,,,,,
ミスタリア,キャスター,3,精霊音階,自軍全師団知力値アップ(２５％),知力値,アップ,２５％,自軍全師団海洋特攻付与(１),海,,1,,,,,,,,
ミスタリア,デストロイヤー,4,エデンスロウ,敵軍師団に中ダメージ,ダメージ,師団,中,敵軍全師団速度値ダウン(２０％),速度値,ダウン,２０％,敵軍全師団防御値ダウン(２０％),防御値,ダウン,２０％,,,,
ミスタリア,ヒーラー,5,タマリスク,自軍全師団蘇生(微),蘇生,全師団,微,自軍師団の状態異常を回復,状態異常回復,,,自軍師団に１ターン絶対治療付与,絶対治療付与,,,バリア効果(小),バリア,,小
覚醒ミスタリア,ブレイダー,2,無限華弾,敵軍単体に大ダメージ,ダメージ,単体,大,敵軍全師団知力値ダウン(２５％),知力値,ダウン,２５％,フォース減少(小),フォース,減少,小,,,,
覚醒ミスタリア,キャスター,3,セフィロート,自軍城壁拡張(大),城壁拡張,,大,自軍全師団防御値アップ(２０％),防御値,アップ,２０％,フォース増加(中),フォース,増加,中,,,,
覚醒ミスタリア,キャスター,3,精霊音階,自軍全師団知力値アップ(４０％),知力値,アップ,４０％,自軍全師団海洋特攻付与(１),海,,1,自軍全師団飛行特攻付与(１),飛,,1,,,,
覚醒ミスタリア,デストロイヤー,4,メテオリート,敵軍師団に大ダメージ,ダメージ,師団,大,敵軍全師団速度値ダウン(３０％),速度値,ダウン,３０％,敵軍全師団防御値ダウン(３０％),防御値,ダウン,３０％,,,,
覚醒ミスタリア,ヒーラー,5,ユグドラシル,自軍全師団蘇生(小),蘇生,全師団,小,自軍師団の状態異常を回復,状態異常回復,,,自軍師団に１ターン絶対治療付与,絶対治療付与,,,バリア効果(大),バリア,,大
悪ミスタリア,ランサー,2,毒薔薇の棘,敵軍一列に中ダメージ,ダメージ,一列,中,敵軍一列に毒化付与(３０％),毒化付与,一列,３０％,敵軍一列に麻痺付与,麻痺付与,一列,,,,,
悪ミスタリア,キャスター,2,ブラッドベリ,敵軍城壁に中ダメージ,城壁ダメージ,,中,フォース減少(中),フォース,減少,中,,,,,,,,
悪ミスタリア,キャスター,3,精霊惨劇,自軍全師団知力値アップ(３０％),知力値,アップ,３０％,敵軍全師団知力値ダウン(３０％),知力値,ダウン,３０％,自軍全師団樹霊特攻付与(２),樹,,2,,,,
悪ミスタリア,デストロイヤー,4,暗黒樹の磔刑,敵軍師団に大ダメージ,ダメージ,師団,大,敵軍全師団速度値ダウン(５０％),速度値,ダウン,５０％,,,,,,,,
悪ミスタリア,デストロイヤー,5,グリムリーパー,敵軍全師団に中ダメージ,ダメージ,全師団,中,自軍全師団蘇生(微),蘇生,全師団,微,,,,,,,,
ヒミカ,ランサー,2,鏡面結界・刃桜,敵軍一列に小ダメージ,ダメージ,一列,小,自軍全師団防御値アップ(２５％),防御値,アップ,２５％,,,,,,,,
ヒミカ,デストロイヤー,3,竜呑ノ鳴門,敵軍師団に微ダメージ,ダメージ,師団,微,敵軍城壁に中ダメージ,城壁ダメージ,,中,敵軍全師団攻撃値ダウン(２０％),攻撃値,ダウン,２０％,,,,
ヒミカ,キャスター,3,桜花万華鏡,自軍城壁拡張(中),城壁拡張,,中,バリア効果(中),バリア,,中,自軍全師団獣族特攻付与(１),獣,,1,,,,
ヒミカ,ガーダー,3,大呪法・日輪天照,敵軍一列に封印付与,封印付与,一列,,フォース吸収(小),フォース,吸収,小,自軍全師団樹霊特攻付与(１),樹,,1,,,,
ヒミカ,キャスター,5,神鏡結界・天津甕星,バリア効果(大),バリア,,大,自軍師団蘇生(大),蘇生,師団,大,敵軍一列に解除付与,解除付与,一列,,,,,
覚醒ヒミカ,ランサー,2,鏡面結界・刃桜,敵軍一列に中ダメージ,ダメージ,一列,中,自軍全師団防御値アップ(３５％),防御値,アップ,３５％,,,,,,,,
覚醒ヒミカ,デストロイヤー,3,聖光縛縄,敵軍師団に小ダメージ,ダメージ,師団,小,敵軍城壁に中ダメージ,城壁ダメージ,,中,敵軍全師団攻撃値ダウン(３５％),攻撃値,ダウン,３５％,,,,
覚醒ヒミカ,キャスター,3,死返玉鏡,自軍城壁拡張(中),城壁拡張,,中,バリア効果(大),バリア,,大,自軍全師団死者特攻付与(２),死,,2,,,,
覚醒ヒミカ,ガーダー,4,大呪法・日輪天照,敵軍師団に封印付与,封印付与,師団,,フォース吸収(小),フォース,吸収,小,自軍全師団樹霊特攻付与(１),樹,,1,自軍全師団夜行特攻付与(１),夜,,1
覚醒ヒミカ,キャスター,5,神鏡結界・天津甕星改,バリア効果(特),バリア,,特,自軍師団蘇生(大),蘇生,師団,大,敵軍師団に解除付与,解除付与,師団,,,,,
悪ヒミカ,ランサー,2,鏡面結界・刃凶,敵軍一列に中ダメージ,ダメージ,一列,中,敵軍一列に呪い付与,呪い付与,一列,,バリア効果(中),バリア,,中,,,,
悪ヒミカ,デストロイヤー,3,黒天縛縄,敵軍師団に小ダメージ,ダメージ,師団,小,敵軍全師団速度値ダウン(３０％),速度値,ダウン,３０％,自軍全師団神族特攻付与(１),神,,1,,,,
悪ヒミカ,キャスター,3,反鏡・曼荼羅,自軍全師団防御値アップ(３０％),防御値,アップ,３０％,敵軍全師団攻撃値ダウン(３０％),攻撃値,ダウン,３０％,自軍城壁拡張(大),城壁拡張,,大,,,,
悪ヒミカ,ヒーラー,4,大呪法・紅蓮転生,自軍師団蘇生(大),蘇生,師団,大,自軍師団の状態異常を回復,状態異常回復,,,自軍師団に１ターン絶対治療付与,絶対治療付与,,,フォース減少(大),フォース,減少,大
悪ヒミカ,ヒーラー,5,邪鏡結界・天岩戸,ラウンド終了,ラウンド,終了,,自軍全師団炎霊特攻付与(２),炎,,2,,,,,,,,
リンリン,ブレイダー,2,リンリンブレード,敵軍単体に中ダメージ,ダメージ,単体,中,敵軍城壁に小ダメージ,城壁ダメージ,,小,,,,,,,,
リンリン,デストロイヤー,3,ドロドロシャワー,敵軍師団に微ダメージ,ダメージ,師団,微,敵軍全師団防御値ダウン(１５％),防御値,ダウン,１５％,,,,,,,,
リンリン,キャスター,3,リンリンシールド,バリア効果(中),バリア,,中,敵軍全師団攻撃値ダウン(１５％),攻撃値,ダウン,１５％,,,,,,,,
リンリン,ヒーラー,4,分身リンリン合体,自軍師団回復(中),回復,師団,中,自軍師団の状態異常を回復,状態異常回復,,,自軍師団に１ターン絶対治療付与,絶対治療付与,,,自軍全師団全能力値アップ(１５％),全能力値,アップ,１５％
リンリン,ブレイダー,5,スーパーリンリン乱舞,敵軍単体に大ダメージ,ダメージ,単体,大,フォース吸収(小),フォース,吸収,小,自軍全師団毒性特攻付与(１),毒,,1,,,,
覚醒リンリン,ブレイダー,2,リンリンブレード,敵軍単体に中ダメージ,ダメージ,単体,中,敵軍城壁に中ダメージ,城壁ダメージ,,中,,,,,,,,
覚醒リンリン,デストロイヤー,3,ドロドロシャワー,敵軍師団に微ダメージ,ダメージ,師団,微,敵軍全師団防御値ダウン(２５％),防御値,ダウン,２５％,,,,,,,,
覚醒リンリン,キャスター,3,リンリンシールド,バリア効果(中),バリア,,中,敵軍全師団攻撃値ダウン(２５％),攻撃値,ダウン,２５％,,,,,,,,
覚醒リンリン,ヒーラー,4,分身リンリン合体,自軍師団回復(中),回復,師団,中,自軍師団の状態異常を回復,状態異常回復,,,自軍師団に１ターン絶対治療付与,絶対治療付与,,,自軍全師団全能力値アップ(２０％),全能力値,アップ,２０％
覚醒リンリン,ブレイダー,5,スーパーリンリン乱舞,敵軍単体に大ダメージ,ダメージ,単体,大,フォース吸収(小),フォース,吸収,小,自軍全師団毒性特攻付与(１),毒,,1,,,,
ルーリエ,キャスター,1,プリズム・ライト,バリア効果(小),バリア,,小,,,,,,,,,,,,
ルーリエ,キャスター,2,小さき斥候,自軍城壁拡張(小),城壁拡張,,小,自軍全師団防御値アップ(１５％),防御値,アップ,１５％,,,,,,,,
ルーリエ,ランサー,2,宝石獣召喚,敵軍一列に小ダメージ,ダメージ,一列,小,敵軍全師団知力値ダウン(２０％),知力値,ダウン,２０％,自軍全師団器兵特攻付与(１),器,,1,,,,
ルーリエ,ヒーラー,3,愛情料理,自軍師団回復(大),回復,師団,大,フォース増加(中),フォース,増加,中,,,,,,,,
ルーリエ,キャスター,4,プリズム・プレイア,バリア効果(大),バリア,,大,自軍全師団防御値アップ(３０％),防御値,アップ,３０％,自軍全師団雷霊特攻付与(１),雷,,1,,,,
覚醒ルーリエ,キャスター,1,プリズム・ライト,バリア効果(大),バリア,,大,,,,,,,,,,,,
覚醒ルーリエ,キャスター,2,小さき斥候,自軍城壁拡張(中),城壁拡張,,中,自軍全師団防御値アップ(２５％),防御値,アップ,２５％,,,,,,,,
覚醒ルーリエ,ランサー,2,宝石竜召喚,敵軍一列に中ダメージ,ダメージ,一列,中,敵軍全師団知力値ダウン(２５％),知力値,ダウン,２５％,自軍全師団器兵特攻付与(１),器,,1,,,,
覚醒ルーリエ,ヒーラー,3,愛情料理,自軍師団回復(大),回復,師団,大,フォース増加(中),フォース,増加,中,,,,,,,,
覚醒ルーリエ,キャスター,4,プリズム・プレイア,バリア効果(大),バリア,,大,自軍全師団防御値アップ(３０％),防御値,アップ,３０％,自軍全師団雷霊特攻付与(１),雷,,1,,,,
アリス,ブレイダー,1,フレイム・バレット,敵軍単体に中ダメージ,ダメージ,単体,中,自軍全師団知力値アップ(１５％),知力値,アップ,１５％,,,,,,,,
アリス,ヒーラー,3,暗月の癒し,自軍師団蘇生(中),蘇生,師団,中,自軍師団の状態異常を回復,状態異常回復,,,自軍師団に１ターン絶対治療付与,絶対治療付与,,,,,,
アリス,デストロイヤー,3,真紅の涙雨,敵軍師団に小ダメージ,ダメージ,師団,小,フォース減少(小),フォース,減少,小,,,,,,,,
アリス,ランサー,3,ダーク・ボルト,敵軍一列に大ダメージ,ダメージ,一列,大,敵軍一列に麻痺付与,麻痺付与,一列,,自軍全師団海洋特攻付与(１),海,,1,,,,
アリス,ヒーラー,5,暗月の福音,自軍師団蘇生(大),蘇生,師団,大,自軍師団の状態異常を回復,状態異常回復,,,自軍師団に１ターン絶対治療付与,絶対治療付与,,,自軍全師団全能力値アップ(２０％),全能力値,アップ,２０％
覚醒アリス,ブレイダー,2,フレイム・バレット,敵軍単体に大ダメージ,ダメージ,単体,大,自軍全師団知力値アップ(２０％),知力値,アップ,２０％,,,,,,,,
覚醒アリス,ヒーラー,3,暗月の癒し,自軍師団蘇生(中),蘇生,師団,中,自軍師団の状態異常を回復,状態異常回復,,,自軍師団に１ターン絶対治療付与,絶対治療付与,,,フォース増加(小),フォース,増加,小
覚醒アリス,デストロイヤー,3,真紅の涙雨,敵軍師団に小ダメージ,ダメージ,師団,小,フォース減少(小),フォース,減少,小,,,,,,,,
覚醒アリス,ランサー,4,ダーク・ボルト,敵軍師団に大ダメージ,ダメージ,師団,大,敵軍師団に麻痺付与,麻痺付与,師団,,自軍全師団海洋特攻付与(１),海,,1,,,,
覚醒アリス,ヒーラー,5,暗月の福音,自軍師団蘇生(大),蘇生,師団,大,自軍師団の状態異常を回復,状態異常回復,,,自軍師団に１ターン絶対治療付与,絶対治療付与,,,自軍全師団全能力値アップ(２５％),全能力値,アップ,２５％
トゥリン,ブレイダー,2,エレメント・アロー,敵軍単体に中ダメージ,ダメージ,単体,中,フォース減少(小),フォース,減少,小,,,,,,,,
トゥリン,ランサー,3,ライトニング・レイ,敵軍一列に中ダメージ,ダメージ,一列,中,敵軍城壁に小ダメージ,城壁ダメージ,,小,自軍全師団海洋特攻付与(１),海,,1,,,,
トゥリン,キャスター,3,ハンターズ・サイト,自軍全師団攻撃値アップ(２０％),攻撃値,アップ,２０％,自軍全師団速度値アップ(２０％),速度値,アップ,２０％,自軍全師団夜行特攻付与(１),夜,,1,,,,
トゥリン,デストロイヤー,4,波状流星弾,敵軍師団に中ダメージ,ダメージ,師団,中,自軍全師団獣族特攻付与(１),獣,,1,自軍全師団蟲族特攻付与(１),蟲,,1,,,,
トゥリン,ブレイダー,4,ウラノ・マキナ,敵軍単体に特ダメージ,ダメージ,単体,特,自軍全師団飛行特攻付与(１),飛,,1,,,,,,,,
覚醒トゥリン,ブレイダー,1,エレメント・アロー,敵軍単体に中ダメージ,ダメージ,単体,中,フォース減少(小),フォース,減少,小,,,,,,,,
覚醒トゥリン,ランサー,3,ライトニング・レイ,敵軍一列に大ダメージ,ダメージ,一列,大,敵軍城壁に中ダメージ,城壁ダメージ,,中,自軍全師団海洋特攻付与(１),海,,1,,,,
覚醒トゥリン,キャスター,3,ハンターズ・サイト,自軍全師団攻撃値アップ(２５％),攻撃値,アップ,２５％,自軍全師団速度値アップ(２５％),速度値,アップ,２５％,自軍全師団夜行特攻付与(１),夜,,1,,,,
覚醒トゥリン,デストロイヤー,4,波状流星弾,敵軍師団に大ダメージ,ダメージ,師団,大,自軍全師団獣族特攻付与(１),獣,,1,自軍全師団蟲族特攻付与(１),蟲,,1,,,,
覚醒トゥリン,ブレイダー,5,ウラノ・マキナ,敵軍単体に特ダメージ,ダメージ,単体,特,自軍全師団飛行特攻付与(２),飛,,2,,,,,,,,
イザヨイ,デストロイヤー,2,影縛りの術,敵軍師団に微ダメージ,ダメージ,師団,微,敵軍師団に麻痺付与,麻痺付与,師団,,,,,,,,,
イザヨイ,ランサー,2,秘刃・影野薔薇,敵軍一列に中ダメージ,ダメージ,一列,中,敵軍一列に毒化付与(３０％),毒化付与,一列,３０％,,,,,,,,
イザヨイ,キャスター,3,霊獣招来,自軍全師団速度値アップ(３０％),速度値,アップ,３０％,自軍全師団死者特攻付与(１),死,,1,自軍全師団夜行特攻付与(１),夜,,1,,,,
イザヨイ,ブレイダー,3,秘刃・凍雲,敵軍単体に大ダメージ,ダメージ,単体,大,フォース減少(大),フォース,減少,大,,,,,,,,
イザヨイ,ランサー,5,式人一体・霊獣憑依,敵軍一列に大ダメージ,ダメージ,一列,大,敵軍一列に封印付与,封印付与,一列,,敵軍全師団全能力値ダウン(２０％),全能力値,ダウン,２０％,,,,
覚醒イザヨイ,デストロイヤー,2,影縛りの術,敵軍師団に微ダメージ,ダメージ,師団,微,敵軍師団に麻痺付与,麻痺付与,師団,,フォース減少(小),フォース,減少,小,,,,
覚醒イザヨイ,ランサー,2,秘刃・影野薔薇,敵軍一列に中ダメージ,ダメージ,一列,中,敵軍一列に毒化付与(３０％),毒化付与,一列,３０％,自軍全師団人間特攻付与(１),人,,1,,,,
覚醒イザヨイ,キャスター,3,霊獣招来,自軍全師団速度値アップ(３５％),速度値,アップ,３５％,自軍全師団死者特攻付与(１),死,,1,自軍全師団夜行特攻付与(１),夜,,1,,,,
覚醒イザヨイ,ブレイダー,3,秘刃・凍雲,敵軍単体に大ダメージ,ダメージ,単体,大,フォース減少(大),フォース,減少,大,,,,,,,,
覚醒イザヨイ,ランサー,5,式人一体・霊獣憑依,敵軍一列に大ダメージ,ダメージ,一列,大,敵軍一列に封印付与,封印付与,一列,,敵軍全師団全能力値ダウン(２５％),全能力値,ダウン,２５％,,,,
アルカーラ,ランサー,2,ホーリー・レイ,敵軍一列に中ダメージ,ダメージ,一列,中,フォース減少(小),フォース,減少,小,,,,,,,,
アルカーラ,キャスター,3,ホーリー・ワード,自軍全師団全能力値アップ(２０％),全能力値,アップ,２０％,自軍師団の状態異常を回復,状態異常回復,,,自軍師団に１ターン絶対治療付与,絶対治療付与,,,,,,
アルカーラ,ヒーラー,3,シヴィル・スティグマ,自軍師団蘇生(中),蘇生,師団,中,自軍全師団魔族特攻付与(１),魔,,1,,,,,,,,
アルカーラ,ブレイダー,3,ゴッド・ジャベリン,敵軍単体に大ダメージ,ダメージ,単体,大,敵軍城壁に中ダメージ,城壁ダメージ,,中,,,,,,,,
アルカーラ,デストロイヤー,5,ヘヴン・パニッシュ,敵軍師団に大ダメージ,ダメージ,師団,大,敵軍師団に封印付与,封印付与,師団,,敵軍師団に解除付与,解除付与,師団,,,,,
イーニア,ブレイダー,2,レイジング・クロー,敵軍単体に大ダメージ,ダメージ,単体,大,敵軍全師団防御値ダウン(２０％),防御値,ダウン,２０％,,,,,,,,
イーニア,ランサー,2,ドラゴン・ブリッツ,敵軍一列に中ダメージ,ダメージ,一列,中,敵軍一列に解除付与,解除付与,一列,,敵軍城壁に中ダメージ,城壁ダメージ,,中,,,,
イーニア,キャスター,3,竜麗舞踊,自軍全師団攻撃値アップ(３０％),攻撃値,アップ,３０％,自軍全師団速度値アップ(３５％),速度値,アップ,３５％,自軍全師団騎士特攻付与(１),騎,,1,,,,
イーニア,デストロイヤー,3,バースト・ロア,敵軍師団に小ダメージ,ダメージ,師団,小,敵軍全師団速度値ダウン(２５％),速度値,ダウン,２５％,敵軍全師団知力値ダウン(２５％),知力値,ダウン,２５％,,,,
イーニア,ブレイダー,4,竜爪乱舞イストミア,敵軍単体に特ダメージ,ダメージ,単体,特,自軍全師団飛行特攻付与(１),飛,,1,,,,,,,,
覚醒イーニア,ブレイダー,2,レイジング・クロー,敵軍単体に大ダメージ,ダメージ,単体,大,敵軍全師団防御値ダウン(２５％),防御値,ダウン,２５％,,,,,,,,
覚醒イーニア,ランサー,2,ドラゴン・ブリッツ,敵軍一列に中ダメージ,ダメージ,一列,中,敵軍一列に解除付与,解除付与,一列,,敵軍城壁に中ダメージ,城壁ダメージ,,中,,,,
覚醒イーニア,キャスター,3,竜麗舞踊,自軍全師団攻撃値アップ(３５％),攻撃値,アップ,３５％,自軍全師団速度値アップ(４０％),速度値,アップ,４０％,自軍全師団騎士特攻付与(１),騎,,1,,,,
覚醒イーニア,デストロイヤー,3,バースト・ロア,敵軍師団に小ダメージ,ダメージ,師団,小,敵軍全師団速度値ダウン(３０％),速度値,ダウン,３０％,敵軍全師団知力値ダウン(３０％),知力値,ダウン,３０％,,,,
覚醒イーニア,ブレイダー,4,竜爪乱舞イストミア,敵軍単体に特ダメージ,ダメージ,単体,特,自軍全師団飛行特攻付与(１),飛,,1,フォース増加(小),フォース,増加,小,,,,
ハリアル,ヒーラー,2,慈愛の光,自軍師団蘇生(中),蘇生,師団,中,自軍師団の状態異常を回復,状態異常回復,,,自軍師団に１ターン絶対治療付与,絶対治療付与,,,,,,
ハリアル,キャスター,1,ゴッド・リブラ,フォース増加(中),フォース,増加,中,,,,,,,,,,,,
ハリアル,キャスター,3,福音の光翼,自軍全師団攻撃値アップ(３０％),攻撃値,アップ,３０％,自軍全師団知力値アップ(３０％),知力値,アップ,３０％,自軍全師団魔族特攻付与(1),魔,,,,,,
ハリアル,キャスター,4,黄金のサンクチュアリ,バリア効果(中),バリア,,中,自軍城壁拡張(中),城壁拡張,,中,自軍全師団防御値アップ(３０％),防御値,アップ,３０％,,,,
ハリアル,デストロイヤー,5,太陽創生,敵軍全師団に小ダメージ,ダメージ,全師団,小,自軍全師団毒性特攻付与(１),毒,,1,自軍全師団死者特攻付与(１),死,,1,,,,
勇者テリオン,ブレイダー,2,ハード・スラッシュ,敵軍単体に中ダメージ,ダメージ,単体,中,敵軍全師団防御値ダウン(２０％),防御値,ダウン,２０％,,,,,,,,
勇者テリオン,キャスター,3,極聖の鼓舞,自軍全師団全能力値アップ(２５％),全能力値,アップ,２５％,,,,,,,,,,,,
勇者テリオン,ガーダー,3,ソウルイーター,敵軍全師団全能力値ダウン(２５％),全能力値,ダウン,２５％,フォース減少(小),フォース,減少,小,,,,,,,,
勇者テリオン,ランサー,3,ディバイン・ブレイド,敵軍一列に中ダメージ,ダメージ,一列,中,自軍全師団魔族特攻付与(１),魔,,1,,,,,,,,
勇者テリオン,デストロイヤー,5,エクスティンクション,敵軍師団に大ダメージ,ダメージ,師団,大,敵軍師団に解除付与,解除付与,師団,,敵軍城壁に中ダメージ,城壁ダメージ,,中,,,,
ジルディス,ランサー,2,チェイン・スパーク,敵軍一列に中ダメージ,ダメージ,一列,中,敵軍全師団速度値ダウン(２０％),速度値,ダウン,２０％,,,,,,,,
ジルディス,キャスター,2,ストーン・ウォール,自軍全師団防御値アップ(２０％),防御値,アップ,２０％,自軍城壁拡張(中),城壁拡張,,中,,,,,,,,
ジルディス,キャスター,3,帯電する竜爪,自軍全師団海洋特攻付与(１),海,,1,自軍全師団飛行特攻付与(１),飛,,1,,,,,,,,
ジルディス,ランサー,4,群竜招来,敵軍一列に中ダメージ,ダメージ,一列,中,敵軍城壁に中ダメージ,城壁ダメージ,,中,自軍全師団攻撃値アップ(２５％),攻撃値,アップ,２５％,,,,
ジルディス,デストロイヤー,5,ハリケーン・バースト,敵軍師団に中ダメージ,ダメージ,師団,中,フォース減少(中),フォース,減少,中,,,,,,,,
エリシャ,デストロイヤー,2,冥府の風,敵軍師団に微ダメージ,ダメージ,師団,微,敵軍全体に呪い付与,呪い付与,全師団,,,,,,,,,
エリシャ,ヒーラー,3,ネクタールの雫,自軍師団の状態異常を回復,状態異常回復,,,自軍師団に１ターン絶対治療付与,絶対治療付与,,,自軍師団回復(中),回復,師団,中,自軍全師団知力値アップ(２０％),知力値,アップ,２０％
エリシャ,ヒーラー,3,クルの法典,自軍師団蘇生(中),蘇生,師団,中,自軍全師団神族特攻付与(１),神,,1,,,,,,,,
エリシャ,ガーダー,4,記憶に沈む眠り,敵軍単体に停止付与,停止付与,単体,,フォース減少(小),フォース,減少,小,,,,,,,,
エリシャ,デストロイヤー,4,アルラートの悲嘆,敵軍師団に小ダメージ,ダメージ,師団,小,敵軍全師団全能力値ダウン(２５％),全能力値,ダウン,２５％,,,,,,,,
冥界の巫女エリシャ,デストロイヤー,2,冥府の風,敵軍師団に微ダメージ,ダメージ,師団,微,敵軍全体に呪い付与,呪い付与,全師団,,フォース吸収(微),フォース,吸収,微,,,,
冥界の巫女エリシャ,ヒーラー,3,ネクタールの雫,自軍師団の状態異常を回復,状態異常回復,,,自軍師団に１ターン絶対治療付与,絶対治療付与,,,自軍師団回復(大),回復,師団,大,自軍全師団知力値アップ(２５％),知力値,アップ,２５％
冥界の巫女エリシャ,ヒーラー,3,クルの法典,自軍師団蘇生(大),蘇生,師団,大,自軍全師団神族特攻付与(１),神,,1,,,,,,,,
冥界の巫女エリシャ,ガーダー,4,記憶に沈む眠り,敵軍単体に停止付与,停止付与,単体,,フォース減少(中),フォース,減少,中,,,,,,,,
冥界の巫女エリシャ,デストロイヤー,4,アルラートの悲嘆,敵軍師団に大ダメージ,ダメージ,師団,大,敵軍全師団全能力値ダウン(３０％),全能力値,ダウン,３０％,,,,,,,,
ネルガル,デストロイヤー,3,テラー・グラウンド,敵軍師団に中ダメージ,ダメージ,師団,中,自軍全師団攻撃値アップ(２５％),攻撃値,アップ,２５％,,,,,,,,
ネルガル,キャスター,3,デス・ストリーク,自軍全師団人間特攻付与(１),人,,1,自軍全師団獣族特攻付与(１),獣,,1,自軍全師団竜族特攻付与(１),竜,,1,,,,
ネルガル,キャスター,4,アビサル・センス,敵軍全師団全能力値ダウン(３５％),全能力値,ダウン,３５％,自軍全師団神族特攻付与(１),神,,1,,,,,,,,
ネルガル,デストロイヤー,5,ソウル・クラッシュ,敵軍師団に大ダメージ,ダメージ,師団,大,敵軍全体に解除付与,解除付与,全師団,,フォース減少(大),フォース,減少,大,,,,
ネルガル,ブレイダー,5,ソウル・ブレイカー,敵軍単体に特大ダメージ,ダメージ,単体,特大,敵軍単体に封印付与,封印付与,単体,,敵軍単体に停止付与,停止付与,単体,,,,,
エンキドゥ,デストロイヤー,3,ブレイド・ストーム,敵軍師団に中ダメージ,ダメージ,師団,中,敵軍全師団防御値ダウン(２５％),防御値,ダウン,２５％,,,,,,,,
エンキドゥ,キャスター,3,エンカレッジメント,自軍全師団騎士特攻付与(１),騎,,1,自軍全師団獣族特攻付与(１),獣,,1,自軍全師団神族特攻付与(１),神,,1,,,,
エンキドゥ,キャスター,4,ゴッド・センス,自軍全師団全能力値アップ(３５％),全能力値,アップ,３５％,自軍全師団超越特攻付与(１),超,,1,,,,,,,,
エンキドゥ,デストロイヤー,5,ソウル・クラッシュ,敵軍師団に大ダメージ,ダメージ,師団,大,敵軍全体に解除付与,解除付与,全師団,,フォース減少(大),フォース,減少,大,,,,
エンキドゥ,ブレイダー,5,ソウル・ブレイカー,敵軍単体に特大ダメージ,ダメージ,単体,特大,敵軍単体に封印付与,封印付与,単体,,敵軍単体に停止付与,停止付与,単体,,,,,
冥神エレシュキガル,デストロイヤー,2,冥府叫嵐,敵軍師団に大ダメージ,ダメージ,師団,大,敵軍全体に呪い付与,呪い付与,全師団,,,,,,,,,
冥神エレシュキガル,ガーダー,2,ディスペア・シャドウ,敵軍全師団知力値ダウン(５０％),知力値,ダウン,５０％,自軍全師団神族特攻付与(１),神,,1,自軍全師団人間特攻付与(１),人,,1,,,,
冥神エレシュキガル,ヒーラー,5,魂魄流転,自軍全師団蘇生(中),蘇生,全師団,中,自軍全師団全能力値アップ(２５％),全能力値,アップ,２５％,,,,,,,,
冥神エレシュキガル,ブレイダー,4,グラガンナの屍炎,敵軍単体に大ダメージ,ダメージ,単体,大,フォース吸収(大),フォース,吸収,大,,,,,,,,
冥神エレシュキガル,デストロイヤー,4,クルヌギア,敵軍全師団に大ダメージ,ダメージ,全師団,大,敵軍全師団全能力値ダウン(３０％),全能力値,ダウン,３０％,,,,,,,,
バース,キャスター,2,クリスタル・ライト,バリア効果(中),バリア,,中,,,,,,,,,,,,
バース,ランサー,3,水晶竜召喚,敵軍一列に中ダメージ,ダメージ,一列,中,自軍全師団知力値アップ(２５％),知力値,アップ,２５％,,,,,,,,
バース,デストロイヤー,4,アルケミック・バーン,敵軍師団に小ダメージ,ダメージ,師団,小,自軍全師団器兵特攻付与(１),器,,1,,,,,,,,
亡者バース,ランサー,2,ダーティ・ライト,敵軍一列に中ダメージ,ダメージ,一列,中,敵軍全師団知力値ダウン(３０％),知力値,ダウン,３０％,,,,,,,,
亡者バース,ランサー,3,邪晶竜召喚,敵軍一列に大ダメージ,ダメージ,一列,大,敵軍城壁に中ダメージ,城壁ダメージ,,中,,,,,,,,
亡者バース,デストロイヤー,4,亡者の焦熱,敵軍師団に中ダメージ,ダメージ,師団,中,自軍全師団人間特攻付与(１),人,,1,,,,,,,,
マクヴァーン,ブレイダー,2,エレメンタル・ソード,敵軍単体に中ダメージ,ダメージ,単体,中,フォース減少(微),フォース,減少,微,,,,,,,,
マクヴァーン,キャスター,3,ツリー・シュラウド,敵軍全師団速度値ダウン(２５％),速度値,ダウン,２５％,自軍全師団獣族特攻付与(１),獣,,1,,,,,,,,
マクヴァーン,デストロイヤー,4,ステラ・ストリーム,敵軍師団に小ダメージ,ダメージ,師団,小,敵軍城壁に中ダメージ,城壁ダメージ,,中,,,,,,,,
不死者マクヴァーン,ブレイダー,2,カースド・セイバー,敵軍単体に中ダメージ,ダメージ,単体,中,敵軍単体に呪い付与,呪い付与,単体,,フォース減少(小),フォース,減少,小,,,,
不死者マクヴァーン,キャスター,3,ロトン・クラウド,敵軍全師団全能力値ダウン(１５％),全能力値,ダウン,１５％,自軍全師団樹霊特攻付与(１),樹,,1,,,,,,,,
不死者マクヴァーン,デストロイヤー,4,フォーリング・スター,敵軍師団に大ダメージ,ダメージ,師団,大,敵軍城壁に中ダメージ,城壁ダメージ,,中,,,,,,,,
柳城正景,ブレイダー,1,疾風撃剣,敵軍単体に小ダメージ,ダメージ,単体,小,自軍全師団速度値アップ(２０％),速度値,アップ,２０％,,,,,,,,
柳城正景,ブレイダー,2,抜刀術・飛蓮,敵軍単体に大ダメージ,ダメージ,単体,大,自軍全師団防御値アップ(２０％),防御値,アップ,２０％,,,,,,,,
柳城正景,キャスター,4,極技・戦嵐武剄,敵軍一列に大ダメージ,ダメージ,一列,大,自軍全師団飛行特攻付与(１),飛,,1,,,,,,,,
亡者正景,ブレイダー,1,血風撃剣,敵軍単体に中ダメージ,ダメージ,単体,中,自軍全師団速度値アップ(３０％),速度値,アップ,３０％,,,,,,,,
亡者正景,ブレイダー,2,抜刀術・死風,敵軍単体に大ダメージ,ダメージ,単体,大,自軍全師団攻撃値アップ(２０％),攻撃値,アップ,２０％,自軍全師団防御値アップ(２０％),防御値,アップ,２０％,,,,
亡者正景,デストロイヤー,4,致命技・凶嵐武剄,敵軍師団に大ダメージ,ダメージ,師団,大,自軍全師団騎士特攻付与(１),騎,,1,,,,,,,,
クナ,ヒーラー,2,清めの命水,自軍師団回復(小),回復,師団,小,自軍師団の状態異常を回復,状態異常回復,,,自軍師団に１ターン絶対治療付与,絶対治療付与,,,,,,
クナ,キャスター,3,破魔護風陣,バリア効果(中),バリア,,中,自軍全師団防御値アップ(２０％),防御値,アップ,２０％,,,,,,,,
クナ,デストロイヤー,4,巫術・龍水波濤,敵軍師団に小ダメージ,ダメージ,師団,小,フォース吸収(中),フォース,吸収,中,,,,,,,,
骸巫女クナ,デストロイヤー,3,黄泉の死水,敵軍師団に微ダメージ,ダメージ,師団,微,敵軍全体に呪い付与,呪い付与,全師団,,自軍全師団海洋特攻付与(１),海,,1,,,,
骸巫女クナ,キャスター,3,魑魅魍魎之宴,敵軍全師団全能力値ダウン(１５％),全能力値,ダウン,１５％,自軍全師団全能力値アップ(１５％),全能力値,アップ,１５％,,,,,,,,
骸巫女クナ,ヒーラー,5,屍術・黄泉醜女,自軍師団蘇生(中),蘇生,師団,中,フォース吸収(中),フォース,吸収,中,,,,,,,,
プリシラ,ランサー,2,ヴォーパル・スライス,敵軍一列に小ダメージ,ダメージ,一列,小,自軍全師団樹霊特攻付与(１),樹,,1,,,,,,,,
プリシラ,キャスター,1,ビースト・レイジ,自軍全師団攻撃値アップ(１５％),攻撃値,アップ,１５％,自軍全師団速度値アップ(１５％),速度値,アップ,１５％,,,,,,,,
プリシラ,ブレイダー,4,ヴォーパル・クロス,敵軍単体に大ダメージ,ダメージ,単体,大,敵軍全師団防御値ダウン(１５％),防御値,ダウン,１５％,,,,,,,,
マァナ,キャスター,1,勇壮のマーチ,自軍全師団攻撃値アップ(１５％),攻撃値,アップ,１５％,自軍全師団防御値アップ(１５％),防御値,アップ,１５％,,,,,,,,
マァナ,キャスター,2,慟哭のエレジー,敵軍全師団知力値ダウン(２０％),知力値,ダウン,２０％,フォース減少(小),フォース,減少,小,,,,,,,,
マァナ,キャスター,4,楽園の為のカンタータ,バリア効果(中),バリア,,中,自軍師団回復(小),回復,師団,小,自軍全師団死者特攻付与(１),死,,1,,,,
アラネア,デストロイヤー,2,アラクネ・スレッド,敵軍師団に微ダメージ,ダメージ,師団,微,敵軍全体に麻痺付与,麻痺付与,全師団,,,,,,,,,
アラネア,ヒーラー,3,宵闇のエリクシール,自軍師団蘇生(中),蘇生,師団,中,自軍全師団毒性特攻付与(１),毒,,1,,,,,,,,
アラネア,デストロイヤー,4,アルケミック・バーン,敵軍師団に中ダメージ,ダメージ,師団,中,自軍全師団器兵特攻付与(１),器,,1,,,,,,,,
深淵の蜘蛛アラネア,デストロイヤー,2,ケイオス・スレッド,敵軍師団に微ダメージ,ダメージ,師団,微,敵軍全体に麻痺付与,麻痺付与,全師団,,敵軍全師団速度値ダウン(３０％),速度値,ダウン,３０％,,,,
深淵の蜘蛛アラネア,ヒーラー,3,ケイオス・エフェクト,自軍師団蘇生(中),蘇生,師団,中,敵軍全師団知力値ダウン(３０％),知力値,ダウン,３０％,自軍全師団毒性特攻付与(１),毒,,1,,,,
深淵の蜘蛛アラネア,デストロイヤー,4,ケイオス・フレア,敵軍師団に大ダメージ,ダメージ,師団,大,フォース減少(小),フォース,減少,小,自軍全師団器兵特攻付与(１),器,,1,,,,
五條久良,ブレイダー,2,裂帛鬼剣,敵軍単体に大ダメージ,ダメージ,単体,大,敵軍全師団防御値ダウン(３０％),防御値,ダウン,３０％,,,,,,,,
五條久良,キャスター,3,鬼気発翔,自軍全師団攻撃値アップ(３５％),攻撃値,アップ,３５％,自軍全師団人間特攻付与(２),人,,2,,,,,,,,
五條久良,デストロイヤー,4,闘鬼滅世撃,敵軍師団に大ダメージ,ダメージ,師団,大,敵軍城壁に大ダメージ,城壁ダメージ,,大,,,,,,,,
阿久良王,ブレイダー,2,死凶鬼剣,敵軍単体に大ダメージ,ダメージ,単体,大,敵軍全師団防御値ダウン(４０％),防御値,ダウン,４０％,,,,,,,,
阿久良王,ランサー,3,死凶裂破,敵軍一列に中ダメージ,ダメージ,一列,中,自軍全師団攻撃値アップ(４５％),攻撃値,アップ,４５％,自軍全師団飛行特攻付与(１),飛,,1,,,,
阿久良王,デストロイヤー,4,死凶災禍撃,敵軍師団に大ダメージ,ダメージ,師団,大,敵軍城壁に大ダメージ,城壁ダメージ,,大,フォース減少(大),フォース,減少,大,,,,
ラミリアーク,ランサー,2,ツイスター・バイト,敵軍一列に大ダメージ,ダメージ,一列,大,敵軍一列に麻痺付与,麻痺付与,一列,,,,,,,,,
ラミリアーク,キャスター,3,ディザスター・ブレス,敵軍全師団全防御値ダウン(３０％),防御値,ダウン,３０％,敵軍全師団全速度値ダウン(３０％),速度値,ダウン,３０％,敵軍全師団全知力値ダウン(３０％),知力値,ダウン,３０％,,,,
ラミリアーク,デストロイヤー,5,世界を震わす雷鳴,敵軍師団に大ダメージ,ダメージ,師団,大,自軍全師団飛行特攻付与(１),飛,,1,自軍全師団海洋特攻付与(１),海,,1,自軍全師団樹霊特攻付与(１),樹,,1
キルト,キャスター,2,イビル・アイ,敵軍全体に麻痺付与,麻痺付与,全師団,,自軍全師団女性特攻付与(１),女,,1,,,,,,,,
キルト,ブレイダー,3,ツイスト・ブレット,敵軍単体に中ダメージ,ダメージ,単体,中,自軍全師団飛行特攻付与(１),飛,,1,,,,,,,,
キルト,デストロイヤー,3,マルチエレメント,敵軍師団に小ダメージ,ダメージ,師団,小,敵軍全師団攻撃値ダウン(３０％),攻撃値,ダウン,３０％,,,,,,,,
キルト,ヒーラー,4,ファナティック・アイ,自軍師団蘇生(中),蘇生,師団,中,自軍全師団全能力値アップ(３５％),全能力値,アップ,３５％,,,,,,,,
キルト,ブレイダー,5,乖離双聖,敵軍単体に特大ダメージ,ダメージ,単体,特大,敵軍城壁に大ダメージ,城壁ダメージ,,大,,,,,,,,
次元王ルキナ,ブレイダー,2,ジェニ・アルージェ,敵軍単体に大ダメージ,ダメージ,単体,大,自軍全師団樹霊特攻付与(１),樹,,1,,,,,,,,
次元王ルキナ,キャスター,3,ルナ・アムリェート,自軍城壁拡張(中),城壁拡張,,中,バリア効果(中),バリア,,中,敵軍城壁に中ダメージ,城壁ダメージ,,中,,,,
次元王ルキナ,デストロイヤー,3,アグニ,敵軍師団に中ダメージ,ダメージ,師団,中,フォース減少(中),フォース,減少,中,,,,,,,,
次元王ルキナ,デストロイヤー,4,ソーラ・メテオリート,敵軍師団に大ダメージ,ダメージ,師団,大,自軍全師団海洋特攻付与(１),海,,1,自軍全師団器兵特攻付与(１),器,,1,,,,
次元王ルキナ,ブレイダー,5,トロイエ・ヴァルナ,敵軍単体に大ダメージ,ダメージ,単体,大,自軍全師団竜族特攻付与(１),竜,,1,自軍全師団超越特攻付与(１),超,,1,,,,
ガーネット,ブレイダー,2,エアレイド,敵軍単体に中ダメージ,ダメージ,単体,中,敵軍全師団防御値ダウン(２５％),防御値,ダウン,２５％,,,,,,,,
ガーネット,キャスター,3,スティンガーベル,バリア効果(中),バリア,,中,自軍全師団防御値アップ(２５％),防御値,アップ,２５％,,,,,,,,
ガーネット,デストロイヤー,3,ジャベリン,敵軍師団に小ダメージ,ダメージ,師団,小,敵軍全師団速度値ダウン(３０％),速度値,ダウン,３０％,,,,,,,,
ガーネット,キャスター,3,フェザーコート,自軍全師団速度値アップ(３５％),速度値,アップ,３５％,フォース増加(小),フォース,増加,小,,,,,,,,
ガーネット,ブレイダー,3,グラーシ－ザ,敵軍単体に大ダメージ,ダメージ,単体,大,自軍全師団飛行特攻付与(１),飛,,1,,,,,,,,
サラーキア,ヒーラー,1,メディカ,自軍師団回復(中),回復,師団,中,フォース増加(小),フォース,増加,小,,,,,,,,
サラーキア,デストロイヤー,2,ヴェノム,敵軍師団に微ダメージ,ダメージ,師団,微,敵軍全体に毒化付与(３０％),毒化付与,全師団,３０％,,,,,,,,
サラーキア,ヒーラー,2,メディクス,自軍師団回復(大),回復,師団,大,自軍師団の状態異常を回復,状態異常回復,,,自軍師団に１ターン絶対治療付与,絶対治療付与,,,,,,
サラーキア,デストロイヤー,3,アクア,敵軍師団に小ダメージ,ダメージ,師団,小,敵軍全師団防御値ダウン(３５％),防御値,ダウン,３５％,,,,,,,,
サラーキア,デストロイヤー,4,メイル・シュトロム,敵軍師団に中ダメージ,ダメージ,師団,中,敵軍城壁に大ダメージ,城壁ダメージ,,大,,,,,,,,
リリシア,キャスター,1,リリシア仁王立ち,バリア効果(小),バリア,,小,,,,,,,,,,,,
リリシア,ブレイダー,2,リリシアスマッシュ,敵軍単体に中ダメージ,ダメージ,単体,中,フォース減少(小),フォース,減少,小,,,,,,,,
リリシア,ランサー,3,リリシア乱れ撃ち,敵軍一列に中ダメージ,ダメージ,一列,中,敵軍全師団速度値ダウン(２５％),速度値,ダウン,２５％,,,,,,,,
リリシア,ヒーラー,3,リリシアヒーリング,自軍師団回復(中),回復,師団,中,自軍全師団防御値アップ(３０％),防御値,アップ,３０％,,,,,,,,
リリシア,デストロイヤー,4,リリシアサモン,自軍全師団全能力値アップ(２５％),全能力値,アップ,２５％,,,,,,,,,,,,
キキョウ,キャスター,2,鬼式・攻めの一手,自軍全師団攻撃値アップ(３０％),攻撃値,アップ,３０％,,,,,,,,,,,,
キキョウ,キャスター,2,鬼式・耐えの一手,自軍全師団防御値アップ(３０％),防御値,アップ,３０％,,,,,,,,,,,,
キキョウ,ブレイダー,3,冥閃・六文連斬,敵軍単体に中ダメージ,ダメージ,単体,中,自軍全師団死者特攻付与(１),死,,1,,,,,,,,
キキョウ,デストロイヤー,3,黄泉送りの舞,敵軍師団に小ダメージ,ダメージ,師団,小,フォース減少(中),フォース,減少,中,,,,,,,,
キキョウ,ブレイダー,4,剛斬術・獅子神楽,敵軍単体に大ダメージ,ダメージ,単体,大,敵軍全師団知力値ダウン(３５％),知力値,ダウン,３５％,,,,,,,,
セレナ,ヒーラー,2,ハイレン,自軍師団蘇生(小),蘇生,師団,小,自軍師団の状態異常を回復,状態異常回復,,,自軍師団に１ターン絶対治療付与,絶対治療付与,,,,,,
セレナ,ブレイダー,2,リヒト・シュトース,敵軍単体に中ダメージ,ダメージ,単体,中,自軍全師団魔族特攻付与(１),魔,,1,,,,,,,,
セレナ,キャスター,3,シルトグランツ,バリア効果(中),バリア,,中,自軍全師団死者特攻付与(１),死,,1,,,,,,,,
セレナ,ヒーラー,4,グロス・ハイレン,自軍師団蘇生(大),蘇生,師団,大,自軍城壁拡張(中),城壁拡張,,中,,,,,,,,
セレナ,ヒーラー,5,光竜の息吹,自軍全師団回復(中),回復,全師団,中,自軍全師団防御値アップ(３５％),防御値,アップ,３５％,,,,,,,,
フローレシア,ブレイダー,2,ベリサルダストライク,敵軍単体に中ダメージ,ダメージ,単体,中,自軍全師団攻撃値アップ(２５％),攻撃値,アップ,２５％,,,,,,,,
フローレシア,キャスター,2,竜笛・炎の鼓動,自軍城壁拡張(中),城壁拡張,,中,自軍全師団竜族特攻付与(１),竜,,1,,,,,,,,
フローレシア,ブレイダー,2,デモンバルディッシュ,敵軍単体に中ダメージ,ダメージ,単体,中,自軍全師団魔族特攻付与(１),魔,,1,,,,,,,,
フローレシア,キャスター,4,グローリー・ブレイブ,自軍師団回復(中),回復,師団,中,自軍全師団全能力値アップ(２５％),全能力値,アップ,２５％,,,,,,,,
フローレシア,ブレイダー,5,ゲヘナ・ドライグ,敵軍単体に特ダメージ,ダメージ,単体,特,自軍全師団竜族特攻付与(２),竜,,2,,,,,,,,
プリマテス,キャスター,2,陣形指示・鶴翼,自軍全師団攻撃値アップ(２０％),攻撃値,アップ,２０％,自軍全師団速度値アップ(２０％),速度値,アップ,２０％,,,,,,,,
プリマテス,キャスター,1,隠密機動,フォース減少(小),フォース,減少,小,,,,,,,,,,,,
プリマテス,ブレイダー,2,カースブレイド,敵軍単体に大ダメージ,ダメージ,単体,大,敵軍単体に呪い付与,呪い付与,単体,,,,,,,,,
プリマテス,デストロイヤー,3,攻撃指示・一斉射撃,敵軍師団に小ダメージ,ダメージ,師団,小,敵軍全師団防御値ダウン(３０％),防御値,ダウン,３０％,フォース減少(微),フォース,減少,微,,,,
プリマテス,キャスター,5,陣形指示・偃月,自軍全師団攻撃値アップ(４５％),攻撃値,アップ,４５％,,,,,,,,,,,,
シャナン,ブレイダー,2,ヴァダー・クルィーク,敵軍単体に大ダメージ,ダメージ,単体,大,敵軍全師団防御値ダウン(２０％),防御値,ダウン,２０％,,,,,,,,
シャナン,キャスター,3,流氷演舞,自軍全師団全能力値アップ(２０％),全能力値,アップ,２０％,フォース増加(小),フォース,増加,小,,,,,,,,
シャナン,ランサー,3,剣舞・氷鏡,敵軍一列に中ダメージ,ダメージ,一列,中,敵軍一列に封印付与,封印付与,一列,,自軍全師団炎霊特攻付与(１),炎,,1,,,,
シャナン,デストロイヤー,4,冷凍血華,敵軍師団に中ダメージ,ダメージ,師団,中,敵軍城壁に大ダメージ,城壁ダメージ,,大,,,,,,,,
シャナン,デストロイヤー,5,竜眼・刹那ノ見切り,敵軍師団に小ダメージ,ダメージ,師団,小,敵軍全師団全能力値ダウン(３０％),全能力値,ダウン,３０％,フォース減少(微),フォース,減少,微,,,,
アギリス,キャスター,3,ヴァイナー,自軍全師団攻撃値アップ(３５％),攻撃値,アップ,３５％,フォース吸収(小),フォース,吸収,小,,,,,,,,
アギリス,ブレイダー,4,我流・唯牙独存,敵軍単体に特ダメージ,ダメージ,単体,特,敵軍全師団防御値ダウン(３５％),防御値,ダウン,３５％,,,,,,,,
アギリス,デストロイヤー,4,ラーヴァ,敵軍師団に中ダメージ,ダメージ,師団,中,自軍全師団樹霊特攻付与(１),樹,,1,自軍全師団海洋特攻付与(１),海,,1,,,,
アギリス,デストロイヤー,5,ディクタトゥーラ,敵軍師団に大ダメージ,ダメージ,師団,大,敵軍城壁に特ダメージ,城壁ダメージ,,特,,,,,,,,
アギリス,デストロイヤー,5,クレマツィア,敵軍全師団に特ダメージ,ダメージ,全師団,特,,,,,,,,,,,,
シャリーア,ブレイダー,5,太陽を潰す右脚,敵軍単体に特ダメージ,ダメージ,単体,特,自軍全師団神族特攻付与(２),神,,2,,,,,,,,
シャリーア,ブレイダー,5,月を砕く左脚,敵軍単体に特ダメージ,ダメージ,単体,特,自軍全師団魔族特攻付与(２),魔,,2,,,,,,,,
シャリーア,ブレイダー,5,竜を討つ右腕,敵軍単体に特ダメージ,ダメージ,単体,特,自軍全師団竜族特攻付与(２),竜,,2,,,,,,,,
シャリーア,キャスター,5,杯を掲げる左腕,自軍全師団全能力値アップ(４０％),全能力値,アップ,４０％,,,,,,,,,,,,
シャリーア,ヒーラー,5,全知全能の眼,自軍全師団蘇生(中),蘇生,全師団,中,自軍全師団超越特攻付与(２),超,,2,,,,,,,,
ミリア,ブレイダー,2,翔竜光破,敵軍単体に中ダメージ,ダメージ,単体,中,敵軍全師団攻撃値ダウン(２５％),攻撃値,ダウン,２５％,,,,,,,,
ミリア,ランサー,3,翔竜焔舞,敵軍一列に小ダメージ,ダメージ,一列,小,自軍全師団樹霊特攻付与(１),樹,,1,自軍全師団氷霊特攻付与(１),氷,,1,,,,
ミリア,キャスター,3,聖騎士の盾,バリア効果(中),バリア,,中,自軍全師団防御値アップ(３０％),防御値,アップ,３０％,,,,,,,,
ミリア,デストロイヤー,4,輝竜光爆閃,敵軍師団に大ダメージ,ダメージ,師団,大,自軍全師団速度値アップ(４５％),速度値,アップ,４５％,,,,,,,,
ミリア,ブレイダー,5,天竜車旋斬,敵軍単体に特ダメージ,ダメージ,単体,特,敵軍城壁に大ダメージ,城壁ダメージ,,大,自軍全師団竜族特攻付与(１),竜,,1,,,,
トモエ,ヒーラー,1,えれきてる・りたーん,自軍師団蘇生(小),蘇生,師団,小,,,,,,,,,,,,
トモエ,ブレイダー,2,ぷりてぃ・ぷりずん,敵軍一列に中ダメージ,ダメージ,一列,中,自軍全師団魔族特攻付与(１),魔,,1,,,,,,,,
トモエ,キャスター,3,ぷりずむ・ぷらねっと,自軍全師団知力値アップ(３５％),知力値,アップ,３５％,フォース増加(小),フォース,増加,小,,,,,,,,
トモエ,ヒーラー,4,みらくる・りすたーと,自軍師団蘇生(大),蘇生,師団,大,フォース吸収(中),フォース,吸収,中,,,,,,,,
トモエ,キャスター,5,はっぴーないんてーる,バリア効果(大),バリア,,大,自軍全師団全能力値アップ(３０％),全能力値,アップ,３０％,,,,,,,,
ククル,ランサー,2,ウィンドスプラッシュ,敵軍一列に中ダメージ,ダメージ,一列,中,フォース減少(微),フォース,減少,微,,,,,,,,
ククル,キャスター,2,ラッキークローバー,自軍全師団速度値アップ(３０％),速度値,アップ,３０％,フォース増加(小),フォース,増加,小,,,,,,,,
ククル,ランサー,4,ワールウィンド,敵軍一列に大ダメージ,ダメージ,一列,大,フォース減少(小),フォース,減少,小,,,,,,,,
ククル,ブレイダー,4,サイクロンジャック,敵軍単体に大ダメージ,ダメージ,単体,大,自軍全師団飛行特攻付与(１),飛,,1,自軍全師団海洋特攻付与(１),海,,1,,,,
ククル,ランサー,5,スピリットラバー,敵軍一列に特ダメージ,ダメージ,一列,特,フォース減少(中),フォース,減少,中,,,,,,,,
メアリー,デストロイヤー,2,旋転潮,敵軍師団に小ダメージ,ダメージ,師団,小,敵軍全師団攻撃値ダウン(２０％),攻撃値,ダウン,２０％,,,,,,,,
メアリー,ブレイダー,2,鋼水弾,敵軍単体に中ダメージ,ダメージ,単体,中,敵軍全師団速度値ダウン(３０％),速度値,ダウン,３０％,,,,,,,,
メアリー,キャスター,3,幻蛇流戦波,自軍城壁拡張(中),城壁拡張,,中,敵軍城壁に中ダメージ,城壁ダメージ,,中,自軍全師団攻撃値アップ(３０％),攻撃値,アップ,３０％,,,,
メアリー,デストロイヤー,4,海竜特攻,敵軍師団に中ダメージ,ダメージ,師団,中,敵軍全師団防御値ダウン(２５％),防御値,ダウン,２５％,敵軍全師団知力値ダウン(２５％),知力値,ダウン,２５％,,,,
メアリー,ヒーラー,5,黄金船団,自軍師団蘇生(小),蘇生,師団,小,自軍全師団全能力値アップ(２５％),全能力値,アップ,２５％,,,,,,,,
キャルミラ,ランサー,2,血の輪舞曲,敵軍一列に中ダメージ,ダメージ,一列,中,自軍全師団攻撃値アップ(２５％),攻撃値,アップ,２５％,,,,,,,,
キャルミラ,キャスター,1,暗黒星の大門,フォース増加(小),フォース,増加,小,自軍全師団神族特攻付与(１),神,,1,,,,,,,,
キャルミラ,デストロイヤー,4,悪魔の慈悲,敵軍師団に中ダメージ,ダメージ,師団,中,敵軍全師団全能力値ダウン(２５％),全能力値,ダウン,２５％,,,,,,,,
キャルミラ,ランサー,4,超重力召破,敵軍一列に大ダメージ,ダメージ,一列,大,フォース吸収(中),フォース,吸収,中,,,,,,,,
キャルミラ,デストロイヤー,5,紅焔の嵐,敵軍師団に中ダメージ,ダメージ,師団,中,敵軍全師団速度値ダウン(４５％),速度値,ダウン,４５％,自軍全師団飛行特攻付与(１),飛,,1,,,,
アイディリア,キャスター,1,アグリゲートフェイス,フォース増加(中),フォース,増加,中,,,,,,,,,,,,
アイディリア,ヒーラー,2,ヘヴンズ・ディクリー,自軍師団蘇生(中),蘇生,師団,中,自軍師団の状態異常を回復,状態異常回復,,,自軍師団に１ターン絶対治療付与,絶対治療付与,,,,,,
アイディリア,キャスター,4,ディヴァイン・ナイツ,自軍全師団攻撃値アップ(３５％),攻撃値,アップ,３５％,自軍全師団速度値アップ(３５％),速度値,アップ,３５％,,,,,,,,
アイディリア,デストロイヤー,5,浄化の雷,敵軍師団に大ダメージ,ダメージ,師団,大,敵軍全体に封印付与,封印付与,全師団,,,,,,,,,
アイディリア,ヒーラー,5,セイクリッドセブン,自軍全師団蘇生(中),蘇生,全師団,中,フォース減少(大),フォース,減少,大,,,,,,,,
皇帝フリード,ブレイダー,2,黒神雷,敵軍単体に大ダメージ,ダメージ,単体,大,敵軍城壁に中ダメージ,城壁ダメージ,,中,,,,,,,,
皇帝フリード,デストロイヤー,3,大洪水,敵軍師団に小ダメージ,ダメージ,師団,小,フォース減少(中),フォース,減少,中,,,,,,,,
皇帝フリード,デストロイヤー,3,裂けよ大地,敵軍師団に中ダメージ,ダメージ,師団,中,敵軍全師団速度値ダウン(４０％),速度値,ダウン,４０％,,,,,,,,
皇帝フリード,キャスター,4,震えよ世界,自軍全師団全能力値アップ(３５％),全能力値,アップ,３５％,フォース増加(中),フォース,増加,中,,,,,,,,
皇帝フリード,デストロイヤー,5,ラグナロク,敵軍全師団に大ダメージ,ダメージ,全師団,大,フォース減少(大),フォース,減少,大,,,,,,,,
ゴブリン,ブレイダー,1,マキ割りダイナマイト,敵軍単体に微ダメージ,ダメージ,単体,微,,,,,,,,,,,,
ハーピー,ブレイダー,1,羽毛ビンタ,敵軍単体に微ダメージ,ダメージ,単体,微,,,,,,,,,,,,
ゴブリンスミス,ランサー,2,スミシー・ボム,敵軍一列に微ダメージ,ダメージ,一列,微,,,,,,,,,,,,
ワーキャット,ブレイダー,1,ニャンクロー,敵軍単体に微ダメージ,ダメージ,単体,微,,,,,,,,,,,,
ラタトスク,ブレイダー,2,ポイズン・ファング,敵軍単体に小ダメージ,ダメージ,単体,小,敵軍単体に毒化付与(１０％),毒化付与,単体,１０％,,,,,,,,
コボルドフェンサー,ブレイダー,2,ファイア・レイピア,敵軍単体に小ダメージ,ダメージ,単体,小,,,,,,,,,,,,
アルミラージ,キャスター,3,フリージアの戦陣,フォース増加(微),フォース,増加,微,自軍全師団全能力値アップ(１５％),全能力値,アップ,１５％,,,,,,,,
ナラシンハ,ブレイダー,3,獅子の大剣,敵軍単体に中ダメージ,ダメージ,単体,中,,,,,,,,,,,,
ウォーウルフ,ブレイダー,2,狼の戦爪,敵軍単体に小ダメージ,ダメージ,単体,小,自軍全師団速度値アップ(１０％),速度値,アップ,１０％,,,,,,,,
ベルゲルミル,ブレイダー,3,ダブルアイスハンマー,敵軍単体に中ダメージ,ダメージ,単体,中,,,,,,,,,,,,
リュカオン,ブレイダー,4,邪狼の刃,敵軍単体に中ダメージ,ダメージ,単体,中,敵軍単体に呪い付与,呪い付与,単体,,,,,,,,,
ギガースジェネラル,ブレイダー,3,パワー・クラッシュ,敵軍単体に中ダメージ,ダメージ,単体,中,敵軍城壁に中ダメージ,城壁ダメージ,,中,,,,,,,,
バステト,ランサー,4,魅惑の肉球,敵軍一列に魅了付与,魅了付与,一列,,,,,,,,,,,,,
ミノタウロス,ヒーラー,2,牛胆流極技・座布団,自軍師団回復(微),回復,師団,微,自軍全師団攻撃値アップ(５％),攻撃値,アップ,５％,,,,,,,,
マーマン,ランサー,2,マッソゥボマー,敵軍一列に微ダメージ,ダメージ,一列,微,,,,,,,,,,,,
ゴブリンライダー,ブレイダー,2,アサルト・アタック,敵軍単体に小ダメージ,ダメージ,単体,小,,,,,,,,,,,,
ホークナイト,ブレイダー,1,スパイラル・ブリッツ,敵軍単体に微ダメージ,ダメージ,単体,微,,,,,,,,,,,,
オーキシュマリーン,キャスター,2,水中工作,敵軍全師団攻撃値ダウン(３％),攻撃値,ダウン,３％,敵軍全師団防御値ダウン(３％),防御値,ダウン,３％,,,,,,,,
ガロードランサー,ブレイダー,1,ガロード・エイミング,敵軍単体に微ダメージ,ダメージ,単体,微,,,,,,,,,,,,
功夫マシラ,ランサー,2,十六手挙,敵軍一列に微ダメージ,ダメージ,一列,微,,,,,,,,,,,,
ケルピーライダー,ブレイダー,2,ぴーすけラッシュ,敵軍単体に小ダメージ,ダメージ,単体,小,自軍全師団攻撃値アップ(１０％),攻撃値,アップ,１０％,,,,,,,,
リザードソルジャー,ブレイダー,3,ソルジャーアタック,敵軍単体に中ダメージ,ダメージ,単体,中,,,,,,,,,,,,
オーキシュライダー,ブレイダー,2,脳削りチャージ,敵軍単体に小ダメージ,ダメージ,単体,小,,,,,,,,,,,,
リザードジェネラル,ブレイダー,2,トカゲ流槍術,敵軍単体に小ダメージ,ダメージ,単体,小,,,,,,,,,,,,
ガロードインペイラー,ランサー,3,トルネード・スピア,敵軍一列に小ダメージ,ダメージ,一列,小,,,,,,,,,,,,
ラビナスハーベスター,ブレイダー,3,致命の首狩り,敵軍単体に大ダメージ,ダメージ,単体,大,,,,,,,,,,,,
リザードロード,ランサー,4,ジェネラルアタック,敵軍一列に中ダメージ,ダメージ,一列,中,,,,,,,,,,,,
クイーン・アクエリア,キャスター,4,海底女王の勅命,自軍全師団全能力値アップ(１５％),全能力値,アップ,１５％,,,,,,,,,,,,
コボルドハンター,ブレイダー,1,ワイナーショッット,敵軍単体に微ダメージ,ダメージ,単体,微,,,,,,,,,,,,
マーメイド,ランサー,2,マーメイドリサイタル,敵軍一列に微ダメージ,ダメージ,一列,微,フォース減少(微),フォース,減少,微,,,,,,,,
ホークメイジ,ブレイダー,2,マジックミサイル,敵軍単体に小ダメージ,ダメージ,単体,小,敵軍単体に毒化付与(１０％),毒化付与,単体,１０％,,,,,,,,
メジェド,ブレイダー,3,EYE・BEAM,敵軍単体に中ダメージ,ダメージ,単体,中,,,,,,,,,,,,
カウガール,ブレイダー,2,ガンブレイズバースト,敵軍単体に小ダメージ,ダメージ,単体,小,敵軍全師団速度値ダウン(１５％),速度値,ダウン,１５％,,,,,,,,
オーキシュガンナー,ブレイダー,2,リベンジ・スナイプ,敵軍単体に微ダメージ,ダメージ,単体,微,フォース減少(小),フォース,減少,小,,,,,,,,
コボルドケミスト,ブレイダー,4,ケミストリ・ファイア,敵軍全師団に小ダメージ,ダメージ,全師団,小,敵軍全体に毒化付与(５％),毒化付与,全師団,５％,,,,,,,,
ホルス,ブレイダー,1,ホルスブレード,敵軍単体に微ダメージ,ダメージ,単体,微,,,,,,,,,,,,
ガロードスナイパー,ブレイダー,2,ガロードスナイプ,敵軍単体に小ダメージ,ダメージ,単体,小,敵軍単体に解除付与,解除付与,単体,,,,,,,,,
メジェドちゃん,キャスター,5,メジェドオンステージ,自軍全師団全能力値アップ(１５％),全能力値,アップ,１５％,自軍城壁拡張(中),城壁拡張,,中,フォース増加(中),フォース,増加,中,,,,
サハギン,ブレイダー,1,ウォーターガン,敵軍単体に微ダメージ,ダメージ,単体,微,敵軍全師団速度値ダウン(５％),速度値,ダウン,５％,,,,,,,,
カアス,ブレイダー,1,コブラショット,敵軍単体に微ダメージ,ダメージ,単体,微,敵軍単体に毒化付与(５％),毒化付与,単体,５％,,,,,,,,
コボルドメイジ,ブレイダー,1,コボフレイム,敵軍単体に微ダメージ,ダメージ,単体,微,敵軍全師団攻撃値ダウン(５％),攻撃値,ダウン,５％,,,,,,,,
カアスマドモアゼル,ブレイダー,2,毒蛇の輪舞曲,敵軍単体に小ダメージ,ダメージ,単体,小,敵軍単体に毒化付与(１０％),毒化付与,単体,１０％,,,,,,,,
ケット・シー,キャスター,3,お前の物は我の物ニャ,フォース吸収(特大),フォース,吸収,特大,,,,,,,,,,,,
エルダーギガース,ランサー,4,サンダー・ストーム,敵軍一列に中ダメージ,ダメージ,一列,中,,,,,,,,,,,,
アウルゲルミル,ブレイダー,3,ダークネス・ブレイズ,敵軍単体に中ダメージ,ダメージ,単体,中,,,,,,,,,,,,
オークガード,ヒーラー,2,養豚流究極奥義・豚飯,自軍師団回復(微),回復,師団,微,自軍全師団防御値アップ(５％),防御値,アップ,５％,,,,,,,,
ホルスタウロス,キャスター,3,ホルスタイン・ガード,バリア効果(小),バリア,,小,自軍全師団防御値アップ(５％),防御値,アップ,５％,,,,,,,,
トロール,ブレイダー,2,トロール・インパクト,敵軍単体に小ダメージ,ダメージ,単体,小,自軍全師団攻撃値アップ(５％),攻撃値,アップ,５％,,,,,,,,
オーガ,ブレイダー,3,オーガ・ブロー,敵軍単体に中ダメージ,ダメージ,単体,中,,,,,,,,,,,,
オークリーダー,ブレイダー,3,オーク武術の神髄,敵軍単体に中ダメージ,ダメージ,単体,中,敵軍単体に解除付与,解除付与,単体,,,,,,,,,
アーマートロール,ブレイダー,3,ネオ・インパクト,敵軍単体に中ダメージ,ダメージ,単体,中,自軍全師団攻撃値アップ(５％),攻撃値,アップ,５％,,,,,,,,
ギガースナイト,ブレイダー,3,ギガントスラッシュ,敵軍単体に中ダメージ,ダメージ,単体,中,,,,,,,,,,,,
ミルクイーン,キャスター,3,ミルキー・シェル,バリア効果(小),バリア,,小,自軍全師団防御値アップ(５％),防御値,アップ,５％,,,,,,,,
ガロードエスクード,ガーダー,3,ライトウォール,自軍城壁拡張(中),城壁拡張,,中,自軍全師団防御値アップ(１０％),防御値,アップ,１０％,,,,,,,,
ナラシンハジェネラル,キャスター,4,獅子王の喝采,自軍全師団攻撃値アップ(１５％),攻撃値,アップ,１５％,自軍全師団防御値アップ(１０％),防御値,アップ,１０％,,,,,,,,
ガロード,ブレイダー,1,ガロード・クラッシュ,敵軍単体に微ダメージ,ダメージ,単体,微,敵軍城壁に微ダメージ,城壁ダメージ,,微,,,,,,,,
コボルドボマー,デストロイヤー,5,粉砕・爆砕・大喝采,敵軍全師団に中ダメージ,ダメージ,全師団,中,,,,,,,,,,,,
グリプスフォーク,ランサー,3,スラッシュ・ダイブ,敵軍一列に小ダメージ,ダメージ,一列,小,自軍全師団速度値アップ(１０％),速度値,アップ,１０％,,,,,,,,
ゴブリンキング,キャスター,3,ゴブリン王の威光,自軍城壁拡張(小),城壁拡張,,小,敵軍全師団全能力値ダウン(１０％),全能力値,ダウン,１０％,,,,,,,,
オークデモリッシュ,ランサー,2,オークぶち壊し,敵軍一列に小ダメージ,ダメージ,一列,小,敵軍城壁に小ダメージ,城壁ダメージ,,小,,,,,,,,
ツインマーフォーク,ランサー,3,ユニゾンプレッシャー,敵軍一列に小ダメージ,ダメージ,一列,小,敵軍全師団攻撃値ダウン(５％),攻撃値,ダウン,５％,,,,,,,,
ギガースレイダー,ブレイダー,2,ギガホーク,敵軍単体に小ダメージ,ダメージ,単体,小,敵軍全師団防御値ダウン(５％),防御値,ダウン,５％,,,,,,,,
サイクロプス,ブレイダー,2,キュプロ・ハンマー,敵軍単体に微ダメージ,ダメージ,単体,微,,,,,,,,,,,,
ギガースヴァンガード,ガーダー,4,エスペランザ,自軍城壁拡張(大),城壁拡張,,大,自軍全師団全能力値アップ(１０％),全能力値,アップ,１０％,,,,,,,,
ムスペルランダー,ブレイダー,3,フレイミング・ブロー,敵軍単体に中ダメージ,ダメージ,単体,中,,,,,,,,,,,,
アルビオン,ランサー,5,フォールストリーム,敵軍単体に中ダメージ,ダメージ,単体,中,敵軍城壁に大ダメージ,城壁ダメージ,,大,,,,,,,,
マキシマムオーガ,ブレイダー,4,凶獣の連撃,敵軍単体に大ダメージ,ダメージ,単体,大,敵軍全師団防御値ダウン(１０％),防御値,ダウン,１０％,,,,,,,,
ゴブリンガール,ブレイダー,2,スキあり,敵軍単体に微ダメージ,ダメージ,単体,微,敵軍全師団攻撃値ダウン(５％),攻撃値,ダウン,５％,,,,,,,,
コボルドエンジニア,ヒーラー,2,クイックリペアー,自軍師団回復(微),回復,師団,微,バリア効果(微),バリア,,微,,,,,,,,
キャリアウーワン,ブレイダー,1,うわ、貴方年収低すぎ,敵軍単体に微ダメージ,ダメージ,単体,微,敵軍城壁に小ダメージ,城壁ダメージ,,小,,,,,,,,
コボルドシェフ,ヒーラー,3,蜂蜜ホットケーキ,自軍師団の状態異常を回復,状態異常回復,,,自軍師団に１ターン絶対治療付与,絶対治療付与,,,自軍師団回復(小),回復,師団,小,,,,
コボルドメシア,ヒーラー,3,コボルド・グレイス,自軍師団回復(中),回復,師団,中,バリア効果(中),バリア,,中,,,,,,,,
ウジャト,ヒーラー,5,ウジャトの風,自軍師団蘇生(中),蘇生,師団,中,自軍全師団全能力値アップ(１０％),全能力値,アップ,１０％,,,,,,,,
闇アリクイ,ブレイダー,2,アント・イーター,敵軍単体に微ダメージ,ダメージ,単体,微,フォース吸収(微),フォース,吸収,微,,,,,,,,
スキュラ,キャスター,2,イオ・テンタクル,敵軍全師団攻撃値ダウン(５％),攻撃値,ダウン,５％,自軍全師団攻撃値アップ(５％),攻撃値,アップ,５％,,,,,,,,
マンティコア,ランサー,3,毒炎ブレス,敵軍一列に微ダメージ,ダメージ,一列,微,敵軍一列に毒化付与(５％),毒化付与,一列,５％,,,,,,,,
ケルコロン,キャスター,1,わんわんお,敵軍全師団攻撃値ダウン(５％),攻撃値,ダウン,５％,,,,,,,,,,,,
オブシダンタイガー,ブレイダー,3,オブシダン・クロー,敵軍単体に中ダメージ,ダメージ,単体,中,自軍全師団防御値アップ(１０％),防御値,アップ,１０％,,,,,,,,
ラードーン,デストロイヤー,5,獣竜百叩き,敵軍単体に中ダメージ,ダメージ,単体,中,,,,,,,,,,,,
ラミア,ブレイダー,3,ロール・ユー,敵軍単体に微ダメージ,ダメージ,単体,微,敵軍単体に麻痺付与,麻痺付与,単体,,,,,,,,,
ケルベロス,ランサー,3,トリプル・バイト,敵軍一列に小ダメージ,ダメージ,一列,小,敵軍城壁に小ダメージ,城壁ダメージ,,小,,,,,,,,
シグムンド,ブレイダー,3,発・天狼烈爪牙,敵軍単体に中ダメージ,ダメージ,単体,中,,,,,,,,,,,,
タイラントイール,ブレイダー,4,暴食の王,敵軍単体に大ダメージ,ダメージ,単体,大,敵軍全師団攻撃値ダウン(１０％),攻撃値,ダウン,１０％,,,,,,,,
セルケト,ブレイダー,3,ストーン・ニードル,敵軍単体に大ダメージ,ダメージ,単体,大,敵軍単体に解除付与,解除付与,単体,,,,,,,,,
ダンタリオン,ランサー,3,触の呼び声,敵軍一列に小ダメージ,ダメージ,一列,小,フォース減少(大),フォース,減少,大,,,,,,,,
ヒルディス,ランサー,5,禁獣の凶爪,敵軍一列に大ダメージ,ダメージ,一列,大,敵軍城壁に中ダメージ,城壁ダメージ,,中,,,,,,,,
テスカトリポカ,ランサー,5,呪いの狂牙,敵軍一列に中ダメージ,ダメージ,一列,中,敵軍一列に呪い付与,呪い付与,一列,,,,,,,,,
チックガルダ,キャスター,2,ガルダダンス,自軍全師団攻撃値アップ(３％),攻撃値,アップ,３％,自軍全師団防御値アップ(３％),防御値,アップ,３％,自軍全師団速度値アップ(３％),速度値,アップ,３％,,,,
コカトリス,ブレイダー,1,ポイズン・テール,敵軍単体に微ダメージ,ダメージ,単体,微,敵軍単体に毒化付与(５％),毒化付与,単体,５％,,,,,,,,
グリフォン,ブレイダー,2,クチバシ・レイド,敵軍単体に小ダメージ,ダメージ,単体,小,敵軍城壁に小ダメージ,城壁ダメージ,,小,,,,,,,,
カトブレパス,ブレイダー,4,邪悪の瞳,敵軍単体に小ダメージ,ダメージ,単体,小,敵軍単体に麻痺付与,麻痺付与,単体,,敵軍全師団速度値ダウン(５％),速度値,ダウン,５％,,,,
サンダーバード,ブレイダー,3,サンダーボルテックス,敵軍単体に大ダメージ,ダメージ,単体,大,敵軍単体に麻痺付与,麻痺付与,単体,,,,,,,,,
シムルグ,キャスター,5,神鳥の加護,バリア効果(大),バリア,,大,自軍全師団知力値アップ(２０％),知力値,アップ,２０％,自軍全師団防御値アップ(２０％),防御値,アップ,２０％,,,,
まりもラット,キャスター,2,水際の窮鼠,バリア効果(微),バリア,,微,自軍全師団攻撃値アップ(５％),攻撃値,アップ,５％,,,,,,,,
イビルアイ,ランサー,3,イビル・アイ,敵軍一列に微ダメージ,ダメージ,一列,微,敵軍単体に麻痺付与,麻痺付与,単体,,,,,,,,,
アイスペンギン,ブレイダー,2,アイスロック,敵軍単体に凍結付与,,単体,,,,,,,,,,,,,
大酒虫,キャスター,3,飲みニケーション,フォース増加(小),フォース,増加,小,自軍全師団攻撃値アップ(１０％),攻撃値,アップ,１０％,,,,,,,,
サタナスアイ,ランサー,4,サタナス・アイ,敵軍一列に小ダメージ,ダメージ,一列,小,敵軍単体に麻痺付与,麻痺付与,単体,,,,,,,,,
アイアンタートル,ガーダー,3,アイアン・ガード,バリア効果(小),バリア,,小,自軍全師団防御値アップ(５％),防御値,アップ,５％,,,,,,,,
スパイクビースト,ガーダー,4,スパイク・カウンター,自軍城壁拡張(大),城壁拡張,,大,自軍全師団攻撃値アップ(２０％),攻撃値,アップ,２０％,,,,,,,,
アルマジュエル,ガーダー,3,ジュエル・ガード,自軍城壁拡張(大),城壁拡張,,大,自軍全師団防御値アップ(２０％),防御値,アップ,２０％,,,,,,,,
スフィンクス,ガーダー,3,クイズアタック423,バリア効果(小),バリア,,小,自軍全師団防御値アップ(５％),防御値,アップ,５％,,,,,,,,
ジュエルビースト,ブレイダー,2,ジュエル・コメット,敵軍単体に小ダメージ,ダメージ,単体,小,自軍全師団防御値アップ(５％),防御値,アップ,５％,,,,,,,,
ノーザンワルラス,キャスター,3,氷獣の咆哮,フォース減少(小),フォース,減少,小,敵軍全師団全能力値ダウン(５％),全能力値,ダウン,５％,,,,,,,,
アンフィスバエナ,ブレイダー,3,デュアルベノムテイル,敵軍単体に小ダメージ,ダメージ,単体,小,敵軍単体に毒化付与(２０％),毒化付与,単体,２０％,,,,,,,,
アンドロマリウス,ランサー,5,触の後光,敵軍一列に中ダメージ,ダメージ,一列,中,敵軍一列に毒化付与(２０％),毒化付与,一列,２０％,,,,,,,,
べヒモス,ブレイダー,5,神獣防壁,自軍城壁拡張(大),城壁拡張,,大,敵軍単体に大ダメージ,ダメージ,単体,大,自軍全師団防御値アップ(１０％),防御値,アップ,１０％,,,,
デスフロッグ,ブレイダー,1,毒ゲコーン,敵軍単体に微ダメージ,ダメージ,単体,微,敵軍単体に毒化付与(５％),毒化付与,単体,５％,,,,,,,,
イモザラシ,キャスター,2,キャタピラダンス,自軍全師団攻撃値アップ(５％),攻撃値,アップ,５％,自軍全師団防御値アップ(５％),防御値,アップ,５％,,,,,,,,
アラクネ,ブレイダー,3,蜘蛛糸縛り,敵軍単体に微ダメージ,ダメージ,単体,微,敵軍単体に麻痺付与,麻痺付与,単体,,敵軍全師団速度値ダウン(５％),速度値,ダウン,５％,,,,
ブリザードベア,ブレイダー,1,ベアナックル,敵軍単体に微ダメージ,ダメージ,単体,微,敵軍城壁に微ダメージ,城壁ダメージ,,微,,,,,,,,
キングコブラ,ブレイダー,2,スネイクファング,敵軍単体に小ダメージ,ダメージ,単体,小,敵軍単体に毒化付与(１５％),毒化付与,単体,１５％,,,,,,,,
バジリスク,ランサー,3,ポイズンブレス,敵軍一列に微ダメージ,ダメージ,一列,微,敵軍一列に毒化付与(１０％),毒化付与,一列,１０％,,,,,,,,
イエティ,ブレイダー,3,イエティ・パンチ,敵軍単体に中ダメージ,ダメージ,単体,中,,,,,,,,,,,,
クラーケン,キャスター,3,侵略,敵軍単体に毒化付与(１５％),毒化付与,単体,１５％,敵軍全師団攻撃値ダウン(１５％),攻撃値,ダウン,１５％,,,,,,,,
シーモンスター,ブレイダー,4,プリデイター,フォース吸収(中),フォース,吸収,中,敵軍単体に中ダメージ,ダメージ,単体,中,,,,,,,,
テラーベア,ブレイダー,3,ブラッドクロー,敵軍単体に中ダメージ,ダメージ,単体,中,敵軍全師団防御値ダウン(５％),防御値,ダウン,５％,,,,,,,,
グラシャラボラス,キャスター,4,蝕の咆哮,敵軍師団に毒化付与(２０％),毒化付与,師団,２０％,,,,,,,,,,,,
ジズ,デストロイヤー,5,灰燼滅流波,敵軍単体に中ダメージ,ダメージ,単体,中,,,,,,,,,,,,
ポントス,デストロイヤー,5,海神の怒り,敵軍単体に中ダメージ,ダメージ,単体,中,敵軍城壁に中ダメージ,城壁ダメージ,,中,,,,,,,,
怪樹マヤ,ランサー,3,怪樹テンタクルス,敵軍一列に毒化付与(１５％),毒化付与,一列,１５％,自軍城壁拡張(小),城壁拡張,,小,,,,,,,,
カリブディス,ブレイダー,5,おなかへった一,フォース吸収(大),フォース,吸収,大,敵軍単体に大ダメージ,ダメージ,単体,大,,,,,,,,
蛇神力ドゥルー,ランサー,5,カースブラッドギアス,敵軍一列に中ダメージ,ダメージ,一列,中,敵軍一列に毒化付与(２０％),毒化付与,一列,２０％,敵軍全師団防御値ダウン(１５％),防御値,ダウン,１５％,,,,
レモラ,ブレイダー,1,水精の戯れ,敵軍単体に微ダメージ,ダメージ,単体,微,敵軍全師団速度値ダウン(５％),速度値,ダウン,５％,,,,,,,,
ホビットスカウト,ブレイダー,1,バックスタップ,敵軍単体に微ダメージ,ダメージ,単体,微,敵軍全師団防御値ダウン(５％),防御値,ダウン,５％,,,,,,,,
エルヴンブレイダー,ブレイダー,1,オークスレイヤー,敵軍単体に微ダメージ,ダメージ,単体,微,自軍全師団知力値アップ(１０％),知力値,アップ,１０％,,,,,,,,
ソードジーニ,ランサー,3,剣精の演舞,敵軍一列に小ダメージ,ダメージ,一列,小,,,,,,,,,,,,
ノクターンブレイド,ブレイダー,2,ガンズアンドブレード,敵軍単体に小ダメージ,ダメージ,単体,小,敵軍全師団防御値ダウン(５％),防御値,ダウン,５％,,,,,,,,
ロリドゥラキア,ランサー,2,リーフ・シェイバー,敵軍単体に小ダメージ,ダメージ,単体,小,自軍全師団速度値アップ(１０％),速度値,アップ,１０％,,,,,,,,
ジーンブレイズ,ランサー,3,剣精の炎舞,敵軍一列に中ダメージ,ダメージ,一列,中,自軍全師団速度値アップ(１０％),速度値,アップ,１０％,,,,,,,,
バロメッツイーター,キャスター,2,羊の擬態,フォース吸収(小),フォース,吸収,小,敵軍単体に毒化付与(１０％),毒化付与,単体,１０％,,,,,,,,
バンブーチャイルド,ブレイダー,1,タケノコ握るゾ,敵軍城壁に微ダメージ,城壁ダメージ,,微,敵軍単体に微ダメージ,ダメージ,単体,微,,,,,,,,
ケンタウルス,ブレイダー,2,ケンタウリ・スピア,敵軍単体に小ダメージ,ダメージ,単体,小,敵軍全師団速度値ダウン(５％),速度値,ダウン,５％,,,,,,,,
ドラセナリア,キャスター,3,ドラッグ・ドラセナ,フォース増加(中),フォース,増加,中,自軍全師団攻撃値アップ(１０％),攻撃値,アップ,１０％,,,,,,,,
ルークセントール,ブレイダー,3,ケンタウリ・ランス,敵軍単体に中ダメージ,ダメージ,単体,中,敵軍全師団速度値ダウン(１０％),速度値,ダウン,１０％,,,,,,,,
ミザリー,ブレイダー,3,不幸の鏡影,敵軍単体に微ダメージ,ダメージ,単体,微,フォース減少(中),フォース,減少,中,,,,,,,,
クイーンドラセナリア,キャスター,4,覚醒・ドラセナリア,フォース増加(中),フォース,増加,中,自軍全師団攻撃値アップ(２０％),攻撃値,アップ,２０％,自軍全師団速度値アップ(１０％),速度値,アップ,１０％,,,,
セフィラビースト,ブレイダー,3,ききぃっ,敵軍単体に小ダメージ,ダメージ,単体,小,自軍全師団全能力値アップ５％,全能力値,アップ,５％,,,,,,,,
ルナティクスビースト,ブレイダー,3,ぎぎぃっ,敵軍単体に小ダメージ,ダメージ,単体,小,敵軍全師団全能力値ダウン(１０％),全能力値,ダウン,１０％,,,,,,,,
フェアリー,キャスター,2,イタズラしちゃうぞ,敵軍全師団知力値ダウン(１５％),知力値,ダウン,１５％,敵軍全師団速度値ダウン(１５％),速度値,ダウン,１５％,,,,,,,,
リトルウィスパー,キャスター,1,ささやき戦術,フォース減少(微),フォース,減少,微,敵軍全師団攻撃値ダウン(１０％),攻撃値,ダウン,１０％,,,,,,,,
ホビットハンター,ブレイダー,1,ポイズンショット,敵軍単体に微ダメージ,ダメージ,単体,微,敵軍単体に毒化付与(５％),毒化付与,単体,５％,,,,,,,,
シルフィード,ヒーラー,3,西風のプレリュード,自軍師団回復(小),回復,師団,小,自軍全師団防御値アップ(５％),防御値,アップ,５％,,,,,,,,
ユニコーンスナイパー,ブレイダー,2,聖女の一矢,敵軍単体に小ダメージ,ダメージ,単体,小,フォース減少(小),フォース,減少,小,,,,,,,,
氷の女王,ランサー,3,セブンスソード,敵軍一列に小ダメージ,ダメージ,一列,小,敵軍全師団知力値ダウン(１０％),知力値,ダウン,１０％,,,,,,,,
セフィラシード,キャスター,2,ホワイトシード,自軍全師団防御値アップ(１５％),防御値,アップ,１５％,,,,,,,,,,,,
ルナティクスシード,キャスター,2,ブラックシード,敵軍全師団防御値ダウン(２０％),防御値,ダウン,２０％,,,,,,,,,,,,
バイコーンポーチャー,ブレイダー,3,影喰の一矢,敵軍単体に小ダメージ,ダメージ,単体,小,敵軍単体に封印付与,封印付与,単体,,,,,,,,,
マタンゴレディ,ブレイダー,1,マタンゴ・スポア,敵軍単体に微ダメージ,ダメージ,単体,微,敵軍単体に毒化付与(５％),毒化付与,単体,５％,,,,,,,,
ユニコロン,ヒーラー,2,霊薬ホーン,自軍師団回復(微),回復,師団,微,バリア効果(微),バリア,,微,,,,,,,,
サテュロス,キャスター,1,騒霊の演奏会,フォース減少(微),フォース,減少,微,敵軍全師団防御値ダウン(１０％),防御値,ダウン,１０％,,,,,,,,
レディ・マシュルムス,ランサー,3,パライズ・スポア,敵軍一列に微ダメージ,ダメージ,一列,微,敵軍一列に麻痺付与,麻痺付与,一列,,,,,,,,,
エルヴンハーミット,ランサー,3,アイスウォール,敵軍一列に微ダメージ,ダメージ,一列,微,自軍城壁拡張(小),城壁拡張,,小,,,,,,,,
ユニコライダー,ヒーラー,3,ユニコフォース,自軍師団の状態異常を回復,状態異常回復,,,自軍師団に１ターン絶対治療付与,絶対治療付与,,,,,,,,,,
スネグラチカ,キャスター,3,氷精の応援氷壁,自軍城壁拡張(小),城壁拡張,,小,自軍全師団全能力値アップ(１０％),全能力値,アップ,１０％,,,,,,,,
ビブリオマニア,ガーダー,3,ぶっこみバリア,バリア効果(中),バリア,,中,自軍全師団知力値アップ(１０％),知力値,アップ,１０％,,,,,,,,
エルヴンサマナー,キャスター,4,精霊憑依,フォース増加(中),フォース,増加,中,自軍全師団知力値アップ(１５％),知力値,アップ,１５％,,,,,,,,
プーカ,ヒーラー,5,運命のカンパネルラ,自軍師団蘇生(中),蘇生,師団,中,フォース増加(中),フォース,増加,中,,,,,,,,
ラナンシー,ヒーラー,4,癒やしのお花畑,フォース増加(中),フォース,増加,中,自軍師団回復(小),回復,師団,小,,,,,,,,
セフィラアニマ,ランサー,4,月信の歌声,敵軍一列に小ダメージ,ダメージ,一列,小,敵軍一列に封印付与,封印付与,一列,,,,,,,,,
ルナティクスアニマ,ランサー,4,月狂の歌声,敵軍一列に中ダメージ,ダメージ,一列,中,敵軍一列に呪い付与,呪い付与,一列,,,,,,,,,
アプスー,キャスター,4,屍蝕の霧,敵軍師団に小ダメージ,ダメージ,師団,小,敵軍全体に呪い付与,呪い付与,全師団,,,,,,,,,
ドライアド,ヒーラー,3,樹霊のしずく,自軍師団回復(小),回復,師団,小,バリア効果(小),バリア,,小,,,,,,,,
ドワーフガーダー,ガーダー,3,老練の盾,バリア効果(小),バリア,,小,自軍全師団防御値アップ(１０％),防御値,アップ,１０％,,,,,,,,
アイスエント,ガーダー,3,樹氷シールド,バリア効果(小),バリア,,小,自軍全師団防御値アップ(５％),防御値,アップ,５％,,,,,,,,
エルヴンナイト,ガーダー,2,エレメンタルウォール,フォース増加(小),フォース,増加,小,自軍全師団防御値アップ(１５％),防御値,アップ,１５％,,,,,,,,
カルキノス,ガーダー,2,カブトガニシールド,自軍城壁拡張(中),城壁拡張,,中,自軍全師団防御値アップ(２０％),防御値,アップ,２０％,,,,,,,,
スイカオーランタン,ランサー,2,スイカ・ハレーション,敵軍一列に微ダメージ,ダメージ,一列,微,敵軍全師団攻撃値ダウン(１５％),攻撃値,ダウン,１５％,,,,,,,,
クーフーリン,ブレイダー,4,致死槍ゲイボルグ,敵軍師団に大ダメージ,ダメージ,師団,大,敵軍単体に毒化付与(２５％),毒化付与,単体,２５％,敵軍単体の呪い付与,呪い付与,単体,,,,,
ネーレウス,ブレイダー,3,水霊の誘い,敵軍師団に小ダメージ,ダメージ,師団,小,フォース吸収(小),フォース,吸収,小,,,,,,,,
ドワーフファイター,ブレイダー,2,へヴィスイング,敵軍師団に小ダメージ,ダメージ,師団,小,敵軍城壁に小ダメージ,城壁ダメージ,,小,,,,,,,,
エルヴンストライカー,ブレイダー,2,精霊入魂撃,敵軍師団に小ダメージ,ダメージ,師団,小,フォース減少(小),フォース,減少,小,,,,,,,,
ノクターンスカラー,デストロイヤー,5,エネルゲイア・カノン,敵軍師団に小ダメージ,ダメージ,師団,小,,,,,,,,,,,,
ドワーフキング,ランサー,4,キングブレイブ,敵軍一列に小ダメージ,ダメージ,一列,小,自軍全師団全能力値アップ(１０％),全能力値,アップ,１０％,,,,,,,,
マッドスカラーS,デストロイヤー,5,グランドクロス砲,敵軍師団に小ダメージ,ダメージ,師団,小,敵軍全師団全能力値ダウン(５％),全能力値,ダウン,５％,,,,,,,,
セフィラドラグス,デストロイヤー,5,樹竜プレス,敵軍全師団に中ダメージ,ダメージ,全師団,中,敵軍城壁に大ダメージ,城壁ダメージ,,大,,,,,,,,
ルナティクスドラグス,デストロイヤー,5,樹竜ストンプ,敵軍全師団に中ダメージ,ダメージ,全師団,中,フォース吸収(大),フォース,吸収,大,,,,,,,,
ベビーアルラウネ,ヒーラー,2,幼艶の草ダンス,自軍師団回復(小),回復,師団,小,自軍全師団知力値アップ(５％),知力値,アップ,５％,,,,,,,,
マンドラゴラ,キャスター,2,ぶっこぬきシャウト,敵軍単体に毒化付与(５％),毒化付与,単体,５％,敵軍全師団防御値ダウン(５％),防御値,ダウン,５％,,,,,,,,
カクタスガール・マミ,ブレイダー,2,カクタス・ハグ!,敵軍師団に小ダメージ,ダメージ,師団,小,敵軍全師団速度値ダウン(５％),速度値,ダウン,５％,,,,,,,,
アルラウネ,ヒーラー,3,魅惑の草ダンス,自軍師団回復(小),回復,師団,小,自軍全師団知力値アップ(１０％),知力値,アップ,１０％,,,,,,,,
エルヴンシャーマン,ランサー,3,オークバースト,敵軍一列に小ダメージ,ダメージ,一列,小,自軍全師団知力値アップ(１５％),知力値,アップ,１５％,,,,,,,,
ファンガスコック,ヒーラー,3,マッシュ・パスタ,自軍師団の状態異常を回復,状態異常回復,,,自軍師団に１ターンの絶対治療付与,絶対治療付与,,,自軍師団回復(小),回復,師団,小,,,,
メリアス,ヒーラー,3,おしゃべ林檎,自軍師団の状態異常を回復,状態異常回復,,,自軍師団に１ターンの絶対治療付与,絶対治療付与,,,自軍師団回復(中),回復,師団,中,,,,
カクタスガール・メロ,ブレイダー,2,ハグハグハグ,敵軍単体に中ダメージ,ダメージ,単体,中,敵軍全師団速度値ダウン(１０％),速度値,ダウン,１０％,,,,,,,,
ティターニア,ガーダー,5,妖精女王の加護,バリア効果(大),バリア,,大,自軍全師団攻撃値アップ(１０％),攻撃値,アップ,１０％,,,,,,,,
イルミンスール,ヒーラー,5,神樹の癒し,自軍師団回復(大),回復,師団,大,自軍全師団全能力値アップ(１０％),全能力値,アップ,１０％,,,,,,,,
ポンポコ忍者,ガーダー,2,空蝉の術・弐,バリア効果(微),バリア,,微,自軍全師団防御値アップ(５％),防御値,アップ,５％,,,,,,,,
般若武者,ブレイダー,2,抜刀術・閃雷,敵軍単体に小ダメージ,ダメージ,単体,小,敵軍全師団速度値ダウン(１５％),速度値,ダウン,１５％,,,,,,,,
牛鬼,ランサー,3,牛胆流・無双牛参り,敵軍一列に微ダメージ,ダメージ,一列,微,敵軍一列に毒化付与(１０％),毒化付与,一列,１０％,,,,,,,,
はやて,ランサー,3,K・S・A,敵軍一列に小ダメージ,ダメージ,一列,小,,,,,,,,,,,,
屍破犬,ブレイダー,3,撃滅仏恥義理,敵軍単体に中ダメージ,ダメージ,単体,中,敵軍単体に麻痺付与,麻痺付与,単体,,,,,,,,,
酒呑童子,ランサー,4,酒呑棍棒真空撃,敵軍一列に中ダメージ,ダメージ,一列,中,敵軍城壁に中ダメージ,城壁ダメージ,,中,,,,,,,,
ぬらりひょん,ブレイダー,5,畏怖蓮華刃,敵軍単体に大ダメージ,ダメージ,単体,大,フォース吸収(中),フォース,吸収,中,,,,,,,,
アマハバキリ,ランサー,5,天羽々斬,敵軍一列に中ダメージ,ダメージ,一列,中,敵軍一列に封印付与,封印付与,一列,,,,,,,,,
火車,ヒーラー,3,地獄ラーメン一丁,自軍師団回復(小),回復,師団,小,自軍全師団速度値アップ(１５％),速度値,アップ,１５％,,,,,,,,
竜宮の姫,キャスター,4,開けてビックリ玉手箱,フォース減少(大),フォース,減少,大,敵軍全師団攻撃値ダウン(２０％),攻撃値,ダウン,２０％,敵軍全師団防御値ダウン(２０％),防御値,ダウン,２０％,,,,
一目連,ランサー,4,目貫の一槍,敵軍一列に中ダメージ,ダメージ,一列,中,敵軍全師団防御値ダウン(１５％),防御値,ダウン,１５％,,,,,,,,
大百足姫,ブレイダー,3,一緒に遊びましょ,敵軍単体に大ダメージ,ダメージ,単体,大,敵軍単体に毒化付与(３５％),毒化付与,単体,３５％,,,,,,,,
雪女,ブレイダー,1,氷結唱,敵軍単体に微ダメージ,ダメージ,単体,微,敵軍全師団速度値ダウン(５％),速度値,ダウン,５％,,,,,,,,
河童,ブレイダー,1,河童の川流し,敵軍単体に微ダメージ,ダメージ,単体,微,,,,,,,,,,,,
ネコマタ,ブレイダー,1,招き猫パンチ,敵軍単体に微ダメージ,ダメージ,単体,微,自軍全師団知力値アップ(５％),知力値,アップ,５％,,,,,,,,
砂かけロリばばあ,ブレイダー,1,砂かけキック,敵軍単体に微ダメージ,ダメージ,単体,微,敵軍城壁に微ダメージ,城壁ダメージ,,微,,,,,,,,
楓,ブレイダー,2,狐火なのじゃ,敵軍単体に小ダメージ,ダメージ,単体,小,,,,,,,,,,,,
雪女将,ランサー,3,氷結宝結唱,敵軍一列に微ダメージ,ダメージ,一列,微,敵軍一列に凍結付与,,一列,,,,,,,,,
焔雉子,デストロイヤー,3,十字聖炎嵐,敵軍全師団に微ダメージ,ダメージ,全師団,微,フォース吸収(中),フォース,吸収,中,,,,,,,,
迦楼羅天,デストロイヤー,4,破邪の火焔,敵軍全師団に微ダメージ,ダメージ,全師団,微,フォース減少(中),フォース,減少,中,,,,,,,,
管狐,ブレイダー,2,狐火アタック,敵軍単体に微ダメージ,ダメージ,単体,微,敵軍単体に麻痺付与,麻痺付与,単体,,,,,,,,,
ユキンコ,ヒーラー,2,ゆきやこんこん,自軍師団回復(小),回復,師団,小,敵軍全師団速度値ダウン(５％),速度値,ダウン,５％,,,,,,,,
カラス天狗,キャスター,2,王手飛車角金銀桂馬取,敵軍全師団速度値ダウン(１０％),速度値,ダウン,１０％,敵軍全師団知力値ダウン(１５％),知力値,ダウン,１５％,敵軍全師団攻撃値ダウン(５％),攻撃値,ダウン,５％,,,,
三霊狐,ランサー,4,管狐三連星,敵軍一列に微ダメージ,ダメージ,一列,微,敵軍単体に麻痺付与,麻痺付与,単体,,,,,,,,,
金霊,ヒーラー,3,大判小判の舞,自軍師団回復(小),回復,師団,小,バリア効果(小),バリア,,小,,,,,,,,
狂骨,ランサー,4,狂恨の呪怨,敵軍一列に中ダメージ,ダメージ,一列,中,敵軍一列に呪い付与,呪い付与,一列,,,,,,,,,
文車妖妃,ヒーラー,3,恋文無双,自軍師団蘇生(微),蘇生,師団,微,敵軍全師団知力値ダウン(１０％),知力値,ダウン,１０％,,,,,,,,
ルナ,キャスター,3,二尾ビンタ,敵軍単体に毒化付与(１０％),毒化付与,単体,１０％,敵軍全師団全能力値ダウン(１０％),全能力値,ダウン,１０％,,,,,,,,
イザナミ,ブレイダー,3,黄泉比良坂,敵軍単体に大ダメージ,ダメージ,単体,大,敵軍単体に呪い付与,呪い付与,単体,,敵軍単体に麻痺付与,麻痺付与,単体,,,,,
ゆきだるま,ランサー,2,ブリザード・クライ,敵軍一列に微ダメージ,ダメージ,一列,微,フォース減少(小),フォース,減少,小,,,,,,,,
天邪鬼,デストロイヤー,4,天地裏返しの術,敵軍師団に微ダメージ,ダメージ,師団,微,,,,,,,,,,,,
大鬼,ブレイダー,3,鬼の腕,敵軍単体に中ダメージ,ダメージ,単体,中,,,,,,,,,,,,
馬頭,ランサー,3,捕縛術・地獄袈裟斬り,敵軍一列に小ダメージ,ダメージ,一列,小,,,,,,,,,,,,
海坊主,ガーダー,3,海壁,自軍城壁拡張(大),城壁拡張,,大,自軍全師団防御値アップ(１０％),防御値,アップ,１０％,,,,,,,,
言見聞猿,ガーダー,3,神舞九輪破邪障壁,バリア効果(中),バリア,,中,自軍全師団知力値アップ(１５％),知力値,アップ,１５％,,,,,,,,
阿修羅,ブレイダー,4,バスターオブアスラ,敵軍単体に大ダメージ,ダメージ,単体,大,敵軍城壁に中ダメージ,城壁ダメージ,,中,,,,,,,,
だいだらぼっち,デストロイヤー,5,山崩し,敵軍全師団に小ダメージ,ダメージ,全師団,小,敵軍城壁に特ダメージ,城壁ダメージ,,特,,,,,,,,
鬼娘,ブレイダー,3,鬼娘に金棒,敵軍単体に中ダメージ,ダメージ,単体,中,,,,,,,,,,,,
牛頭,ランサー,4,捕縛術・滅多矢鱈撃ち,敵軍一列に中ダメージ,ダメージ,一列,中,,,,,,,,,,,,
ヤマタノオロチ,デストロイヤー,5,龍王裂波,敵軍師団に中ダメージ,ダメージ,師団,中,,,,,,,,,,,,
神威大蛇,デストロイヤー,5,神威蛇龍破,敵軍師団に中ダメージ,ダメージ,師団,中,フォース減少(中),フォース,減少,中,,,,,,,,
キツネ巫女,ヒーラー,3,困った時の巫女頼み,自軍師団蘇生(微),蘇生,師団,微,バリア効果(微),バリア,,微,,,,,,,,
はまぐり女房,ヒーラー,2,極旨すまし汁,自軍師団回復(微),回復,師団,微,バリア効果(微),バリア,,微,,,,,,,,
妖狐,ヒーラー,4,狐流符術陣,自軍師団回復(微),回復,師団,微,敵軍一列に微ダメージ,ダメージ,一列,微,,,,,,,,
アマビエ,ヒーラー,3,疫病退散の瓦版,自軍師団の状態異常を回復,状態異常回復,,,自軍師団に１ターン絶対治療付与,絶対治療付与,,,自軍師団回復(中),回復,師団,中,,,,
オオゲツヒメ,ヒーラー,4,豊穣の食卓,自軍師団回復(中),回復,師団,中,自軍全師団全能力値アップ(５％),全能力値,アップ,５％,,,,,,,,
インプ,ブレイダー,1,イタズラ・クライム,敵軍単体に微ダメージ,ダメージ,単体,微,敵軍全師団速度値ダウン(５％),速度値,ダウン,５％,,,,,,,,
ゴーゴン,ブレイダー,3,石化にらみ,敵軍単体に微ダメージ,ダメージ,単体,微,敵軍単体に麻痺付与,麻痺付与,単体,,,,,,,,,
デーモンレイダー,ヒーラー,2,食撃のトーフ,敵軍単体に微ダメージ,ダメージ,単体,微,自軍師団回復(微),回復,師団,微,,,,,,,,
デーモンエグゼクター,ブレイダー,3,ジャッジメント,敵軍単体に大ダメージ,ダメージ,単体,大,,,,,,,,,,,,
オプスヴァルカン,キャスター,4,武装転成,フォース増加(中),フォース,増加,中,自軍全師団攻撃値アップ(２０％),攻撃値,アップ,２０％,,,,,,,,
ルキフェル,ガーダー,5,闇の明星,バリア効果(大),バリア,,大,自軍全師団全能力値アップ(１０％),全能力値,アップ,１０％,,,,,,,,
デビルファーマー,ブレイダー,1,農奴の逆襲,敵軍単体に微ダメージ,ダメージ,単体,微,,,,,,,,,,,,
デビル,ヒーラー,2,ライフスティール,敵軍単体に微ダメージ,ダメージ,単体,微,自軍師団回復(微),回復,師団,微,,,,,,,,
アスタルテ,ランサー,3,ライトニング・レイ,敵軍一列に小ダメージ,ダメージ,一列,小,,,,,,,,,,,,
ベレト,ランサー,5,魔槍三叉戟,敵軍一列に大ダメージ,ダメージ,一列,大,敵軍城壁に中ダメージ,城壁ダメージ,,中,,,,,,,,
フォルネウス,ヒーラー,3,船盛大盤振る舞い,自軍師団回復(小),回復,師団,小,フォース増加(微),フォース,増加,微,,,,,,,,
キマリス,ブレイダー,2,漆黒の槍,敵軍単体に中ダメージ,ダメージ,単体,中,フォース減少(小),フォース,減少,小,,,,,,,,
メフィストフェレス,キャスター,3,メフィストの嘘,フォース減少(中),フォース,減少,中,敵軍全師団全能力値ダウン(１５％),全能力値,ダウン,１５％,,,,,,,,
レプラコーン,ブレイダー,1,ゴールデビルハンマー,敵軍単体に微ダメージ,ダメージ,単体,微,,,,,,,,,,,,
フレイムスロワー,ランサー,2,汚物は消毒だあ,敵軍一列に微ダメージ,ダメージ,一列,微,,,,,,,,,,,,
グレムリン,キャスター,2,悪戯小悪魔,敵軍全師団全能力値ダウン(３％),全能力値,ダウン,３％,,,,,,,,,,,,
ボルトアベンジャー,ブレイダー,3,汚物は滅菌だあ,敵軍単体に小ダメージ,ダメージ,単体,小,敵軍単体に麻痺付与,麻痺付与,単体,,,,,,,,,
プロケル,キャスター,4,論理の唄,自軍全師団全能力値アップ(１５％),全能力値,アップ,１５％,フォース増加(大),フォース,増加,大,,,,,,,,
リリス,キャスター,4,淫婦の抱擁,敵軍単体に麻痺付与,麻痺付与,単体,,敵軍全師団防御値ダウン(１０％),防御値,ダウン,１０％,敵軍全師団攻撃値ダウン(１０％),攻撃値,ダウン,１０％,,,,
パイモン,ブレイダー,4,アルマゲドンロック,敵軍全師団に微ダメージ,ダメージ,全師団,微,敵軍全師団全能力値ダウン(１０％),全能力値,ダウン,１０％,,,,,,,,
ウェパル,ランサー,3,イビル・スティング,敵軍一列に中ダメージ,ダメージ,一列,中,フォース減少(小),フォース,減少,小,,,,,,,,
ドリームシープ,ヒーラー,2,メリーの子守歌,自軍師団回復(小),回復,師団,小,,,,,,,,,,,,
インキュバス,ヒーラー,3,発情フェロモン,自軍師団回復(小),回復,師団,小,敵軍単体に毒化付与(１０％),毒化付与,単体,１０％,,,,,,,,
サキュバス,キャスター,2,発情邪眼,フォース減少(小),フォース,減少,小,敵軍単体に毒化付与(１０％),毒化付与,単体,１０％,,,,,,,,
マリオネッター,ブレイダー,3,ハビネスメリー,敵軍単体に微ダメージ,ダメージ,単体,微,敵軍単体に呪い付与,呪い付与,単体,,敵軍単体に魅了付与,魅了付与,単体,,,,,
グリモアデーモン,キャスター,4,スキルブレイク,敵軍一列に解除付与,解除付与,一列,,,,,,,,,,,,,
シトリー,キャスター,4,シークレットタブー,敵軍全師団攻撃値ダウン(２０％),攻撃値,ダウン,２０％,敵軍単体に麻痺付与,麻痺付与,単体,,,,,,,,,
デカラビア,キャスター,5,ブラックスター,自軍全師団全能力値アップ(１０％),全能力値,アップ,１０％,敵軍全師団全能力値ダウン(１０％),全能力値,ダウン,１０％,,,,,,,,
マモン,ヒーラー,4,マモン・ロワイヤル,自軍師団回復(小),回復,師団,小,自軍全師団全能力値アップ(１０％),全能力値,アップ,１０％,,,,,,,,
サタン,デストロイヤー,5,イラ,敵軍全師団に大ダメージ,ダメージ,全師団,大,フォース減少(特),フォース,減少,特,,,,,,,,
デーモンナイト,ブレイダー,3,ブラッドソード,敵軍単体に微ダメージ,ダメージ,単体,微,フォース吸収(小),フォース,吸収,小,,,,,,,,
バロン,ランサー,3,マジックレイ,敵軍一列に小ダメージ,ダメージ,一列,小,敵軍全師団攻撃値ダウン(５％),攻撃値,ダウン,５％,,,,,,,,
オプスメイジ,ガーダー,3,オプティックシールド,バリア効果(小),バリア,,小,自軍全師団防御値アップ(５％),防御値,アップ,５％,,,,,,,,
デーモンアリスト,ランサー,4,ブリザードストーム,敵軍一列に中ダメージ,ダメージ,一列,中,敵軍全師団知力値ダウン(１０％),知力値,ダウン,１０％,,,,,,,,
ナーガ,ヒーラー,5,輪廻の蛇精,自軍師団蘇生(小),蘇生,師団,小,フォース吸収(大),フォース,吸収,大,,,,,,,,
デーモンブレイブ,デストロイヤー,4,ブレイブストーム,敵軍師団に小ダメージ,ダメージ,師団,小,自軍全師団攻撃値アップ(１０％),攻撃値,アップ,１０％,,,,,,,,
フォルカロル,ガーダー,5,ストームディバイダー,自軍城壁拡張(大),城壁拡張,,大,敵軍城壁に大ダメージ,城壁ダメージ,,大,,,,,,,,
イビルライダー,デストロイヤー,3,砲撃支援要請,敵軍師団に微ダメージ,ダメージ,師団,微,,,,,,,,,,,,
クルラホーン,ランサー,3,酔拳・ツボ押しの舞,敵軍一列に小ダメージ,ダメージ,一列,小,自軍師団回復(微),回復,師団,微,,,,,,,,
アスモデ,ブレイダー,3,デーモン鉄球,敵軍単体に中ダメージ,ダメージ,単体,中,敵軍城壁に中ダメージ,城壁ダメージ,,中,,,,,,,,
アークデーモン,ブレイダー,4,ソウルスティール,敵軍単体に中ダメージ,ダメージ,単体,中,自軍師団回復(小),回復,師団,小,,,,,,,,
バルログ,デストロイヤー,5,魔炎の宴,敵軍師団に中ダメージ,ダメージ,師団,中,自軍全師団攻撃値アップ(１０％),攻撃値,アップ,１０％,,,,,,,,
ガープ,ランサー,5,ロイヤルフラッシュ,敵軍一列に中ダメージ,ダメージ,一列,中,フォース増加(大),フォース,増加,大,,,,,,,,
グシオン,ブレイダー,3,魔猿解放,敵軍単体に中ダメージ,ダメージ,単体,中,敵軍城壁に小ダメージ,城壁ダメージ,,小,,,,,,,,
パズス,デストロイヤー,5,獣魔焦熱嵐,敵軍全師団に中ダメージ,ダメージ,全師団,中,敵軍全師団全能力値ダウン(１５％),全能力値,ダウン,１５％,,,,,,,,
エンジェルインプ,ヒーラー,3,天使の治療,自軍師団回復(小),回復,師団,小,フォース増加(小),フォース,増加,小,,,,,,,,
デビルコック,ヒーラー,3,究極の上魔刺定食,自軍師団回復(小),回復,師団,小,フォース増加(中),フォース,増加,中,,,,,,,,
デビルナース,ヒーラー,4,デッドリー点滴,自軍師団回復(小),回復,師団,小,バリア効果(小),バリア,,小,,,,,,,,
エンプーサ,ヒーラー,4,斬り刻みオペ,自軍師団蘇生(小),蘇生,師団,小,自軍全師団防御値アップ(１５％),防御値,アップ,１５％,,,,,,,,
ナベリウス,ヒーラー,4,至高の魔懐石料理,自軍師団蘇生(小),蘇生,師団,小,フォース増加(小),フォース,増加,小,,,,,,,,
ヴァサーゴ,ヒーラー,4,食神流三枚卸し,自軍師団蘇生(中),蘇生,師団,中,敵軍単体に中ダメージ,ダメージ,単体,中,,,,,,,,
ポルターガイスト,ランサー,2,ティーカップ乱れ打ち,敵軍一列に微ダメージ,ダメージ,一列,微,,,,,,,,,,,,
グール,ブレイダー,3,グルルン・クロー,敵軍単体に微ダメージ,ダメージ,単体,微,敵軍単体に麻痺付与,麻痺付与,単体,,,,,,,,,
ミイラ女,ヒーラー,2,包帯ヒール,自軍師団回復(微),回復,師団,微,自軍全師団知力値アップ(５％),知力値,アップ,５％,,,,,,,,
ヴァンパイア,ブレイダー,2,DWPアタック,敵軍単体に小ダメージ,ダメージ,単体,小,敵軍全師団防御値ダウン(５％),防御値,ダウン,５％,,,,,,,,
カースソード,ランサー,3,トリプルセイバー,敵軍一列に小ダメージ,ダメージ,一列,小,,,,,,,,,,,,
マスターブレイド,ブレイダー,3,怨念の血刀,敵軍単体に中ダメージ,ダメージ,単体,中,敵軍単体に毒化付与(１５％),毒化付与,単体,１５％,,,,,,,,
ブラッドプリンセス,ブレイダー,4,ヴァンプドレイン,フォース吸収(中),フォース,吸収,中,敵軍単体に中ダメージ,ダメージ,単体,中,,,,,,,,
デスブリンガー,ブレイダー,3,呪怨の剣舞,敵軍単体に大ダメージ,ダメージ,単体,大,敵軍単体に呪い付与,呪い付与,単体,,,,,,,,,
アビサルマーダラー,ブレイダー,4,罪人処断,敵軍単体に中ダメージ,ダメージ,単体,中,敵軍単体に呪い付与,呪い付与,単体,,,,,,,,,
ボーンナイト,ランサー,3,骸骨槍・無骨三段,敵軍一列に小ダメージ,ダメージ,一列,小,敵軍全師団防御値ダウン(５％),防御値,ダウン,５％,,,,,,,,
死神,キャスター,3,死装解放・魂魄葬送,フォース減少(小),フォース,減少,小,自軍全師団全能力値アップ(１０％),全能力値,アップ,１０％,,,,,,,,
ドゥームナイト,ブレイダー,3,デスアサルト,敵軍単体に中ダメージ,ダメージ,単体,中,敵軍全師団攻撃値ダウン(１０％),攻撃値,ダウン,１０％,,,,,,,,
デスドラグーン,ブレイダー,3,竜殺衝,敵軍単体に中ダメージ,ダメージ,単体,中,敵軍単体に毒化付与(１５％),毒化付与,単体,１５％,,,,,,,,
死神長,ブレイダー,4,死装解放・神魔殲葬,フォース減少(大),フォース,減少,大,敵軍単体に大ダメージ,ダメージ,単体,大,,,,,,,,
アヌビス,ランサー,4,ハイ＝ダラー,敵軍一列に小ダメージ,ダメージ,一列,小,敵軍一列に毒化付与(１５％),毒化付与,一列,１５％,,,,,,,,
スパイン＝デヴリス,ブレイダー,3,シー・イーター,敵軍単体に中ダメージ,ダメージ,単体,中,フォース吸収(小),フォース,吸収,小,,,,,,,,
アビサルアグレッサー,キャスター,3,冥軍号令,自軍全師団全能力値アップ(１５％),全能力値,アップ,１５％,フォース増加(中),フォース,増加,中,,,,,,,,
死神総長,ブレイダー,5,死葬詠唱・夢幻散華,敵軍単体に特ダメージ,ダメージ,単体,特,フォース減少(特),フォース,減少,特,,,,,,,,
ゴースト,ブレイダー,2,ゴーストアタック,敵軍単体に微ダメージ,ダメージ,単体,微,敵軍全師団速度値ダウン(５％),速度値,ダウン,５％,,,,,,,,
マレウス＝デヴリス,キャスター,2,叫喚,敵軍全師団全能力値ダウン(５％),全能力値,ダウン,５％,,,,,,,,,,,,
死神見習い,ランサー,2,デスハリケーンでちっ,敵軍一列に微ダメージ,ダメージ,一列,微,フォース減少(小),フォース,減少,小,,,,,,,,
バンシー,ブレイダー,2,死の夜泣き,敵軍単体に小ダメージ,ダメージ,単体,小,敵軍全師団知力値ダウン(５％),知力値,ダウン,５％,,,,,,,,
ファントム,ブレイダー,2,悲恋の記憶,敵軍単体に小ダメージ,ダメージ,単体,小,敵軍単体に毒化付与(１０％),毒化付与,単体,１０％,,,,,,,,
ダンピール,ブレイダー,4,サンクチュアリ,バリア効果(中),バリア,,中,敵軍単体に中ダメージ,ダメージ,単体,中,,,,,,,,
ソウルサッカー,ブレイダー,2,ソウルキック,敵軍単体に中ダメージ,ダメージ,単体,中,フォース減少(微),フォース,減少,微,,,,,,,,
アサルトガンナー,ブレイダー,3,死者の魔弾,敵軍単体に中ダメージ,ダメージ,単体,中,敵軍城壁に中ダメージ,城壁ダメージ,,中,,,,,,,,
レヴナント,ブレイダー,4,幽爆魔弾,敵軍城壁に中ダメージ,城壁ダメージ,,中,敵軍単体に中ダメージ,ダメージ,単体,中,,,,,,,,
アビサルスリンガー,ブレイダー,3,冥府魂殺,敵軍単体に大ダメージ,ダメージ,単体,大,フォース減少(中),フォース,減少,中,,,,,,,,
スケルトンメイジ,ブレイダー,3,恨骸の呪撃,敵軍単体に微ダメージ,ダメージ,単体,微,敵軍単体に麻痺付与,麻痺付与,単体,,,,,,,,,
スピリット,キャスター,2,ダークネスホーリー,フォース減少(小),フォース,減少,小,自軍城壁拡張(小),城壁拡張,,小,,,,,,,,
ジャックオーランタン,デストロイヤー,4,トリックオアトリート,敵軍師団に小ダメージ,ダメージ,師団,小,フォース吸収(中),フォース,吸収,中,,,,,,,,
ドゥームメイジ,キャスター,3,ゴーストミスト,敵軍全師団攻撃値ダウン(１０％),攻撃値,ダウン,１０％,敵軍全師団防御値ダウン(１０％),防御値,ダウン,１０％,,,,,,,,
ホーンテッドハウス,ガーダー,4,千客万来,バリア効果(中),バリア,,中,自軍城壁拡張(中),城壁拡張,,中,,,,,,,,
カーフ＝デヴリス,ランサー,5,呪いの単眼,敵軍一列に小ダメージ,ダメージ,一列,小,敵軍一列に呪い付与,呪い付与,一列,,,,,,,,,
ワイトクイーン,キャスター,4,亡者の舞踏会,フォース吸収(大),フォース,吸収,大,敵軍単体に麻痺付与,麻痺付与,単体,,,,,,,,,
リッチ,ヒーラー,5,ホーンテッドダンス,自軍師団蘇生(中),蘇生,師団,中,自軍全師団知力値アップ(２０％),知力値,アップ,２０％,,,,,,,,
死神司録,デストロイヤー,4,煉獄祐筆,敵軍全師団に微ダメージ,ダメージ,全師団,微,フォース減少(大),フォース,減少,大,,,,,,,,
アビサルロウヤー,ランサー,3,冥界六法,敵軍一列に微ダメージ,ダメージ,一列,微,敵軍一列に封印付与,封印付与,一列,,,,,,,,,
スケルトン,ブレイダー,1,骸骨剣・サミダレ,敵軍単体に微ダメージ,ダメージ,単体,微,,,,,,,,,,,,
レッドスケルトン,ブレイダー,2,骸骨剣・ジュオン,敵軍単体に小ダメージ,ダメージ,単体,小,自軍全師団攻撃値アップ(５％),攻撃値,アップ,５％,,,,,,,,
フレッシュゴーレム,ブレイダー,2,アシッド・ファング,敵軍単体に小ダメージ,ダメージ,単体,小,敵軍単体に毒化付与(１０％),毒化付与,単体,１０％,,,,,,,,
デュラハン,ガーダー,3,ブラッドチャージ,バリア効果(小),バリア,,小,フォース増加(小),フォース,増加,小,,,,,,,,
アイアンメイデン,ブレイダー,2,デスハッグ,敵軍単体に小ダメージ,ダメージ,単体,小,敵軍城壁に小ダメージ,城壁ダメージ,,小,,,,,,,,
パテラ＝デヴリス,ガーダー,3,膝骨突進,自軍城壁拡張(中),城壁拡張,,中,自軍全師団防御値アップ(２０％),防御値,アップ,２０％,,,,,,,,
ノスフェラトウ,ヒーラー,4,不死者の祝宴,自軍師団回復(小),回復,師団,小,バリア効果(中),バリア,,中,,,,,,,,
ベルセルク,ランサー,3,GUGAAAAA,敵軍一列に中ダメージ,ダメージ,一列,中,,,,,,,,,,,,
ドラゴンゾンビ,キャスター,4,腐敗のブレス,敵軍師団に毒化付与(２０％),毒化付与,師団,２０％,敵軍城壁に中ダメージ,城壁ダメージ,,中,,,,,,,,
アビサルプリズナー,ガーダー,3,冥府獄壁,バリア効果(大),バリア,,大,フォース増加(小),フォース,増加,小,,,,,,,,
ペルヴィス＝デヴリス,ガーダー,4,骨塊防壁,自軍城壁拡張(大),城壁拡張,,大,自軍全師団防御値アップ(１０％),防御値,アップ,１０％,,,,,,,,
ゾンビメイデン,ヒーラー,3,デッドリースキン,自軍師団蘇生(微),蘇生,師団,微,バリア効果(微),バリア,,微,,,,,,,,
ダークストーカー,ランサー,3,シャドウ・スタップ,敵軍一列に微ダメージ,ダメージ,一列,微,敵軍一列に毒化付与(１０％),毒化付与,一列,１０％,,,,,,,,
ボーングラップラー,ブレイダー,4,粉骨爆散挙,敵軍単体に中ダメージ,ダメージ,単体,中,自軍全師団攻撃値アップ(１５％),攻撃値,アップ,１５％,自軍全師団防御値アップ(１５％),防御値,アップ,１５％,,,,
マンイーター,ランサー,3,人喰い乱舞,敵軍一列に微ダメージ,ダメージ,一列,微,フォース吸収(小),フォース,吸収,小,,,,,,,,
ニトロマンサー,デストロイヤー,4,スカルバースト,敵軍全師団に微ダメージ,ダメージ,全師団,微,フォース減少(小),フォース,減少,小,,,,,,,,
ヴァンパイアロード,ヒーラー,4,吸血エロティシズム,自軍師団回復(小),回復,師団,小,フォース吸収(中),フォース,吸収,中,,,,,,,,
イビルボマー,デストロイヤー,5,リトル・リトル・ヘル,敵軍師団に小ダメージ,ダメージ,師団,小,,,,,,,,,,,,
ゴーストシップ,キャスター,3,亡者船団,敵軍全師団攻撃値ダウン(１０％),攻撃値,ダウン,１０％,敵軍城壁に中ダメージ,城壁ダメージ,,中,,,,,,,,
ボーンドラゴン,ランサー,4,骨竜コンビネーション,敵軍一列に中ダメージ,ダメージ,一列,中,敵軍全師団知力値ダウン(２０％),知力値,ダウン,２０％,,,,,,,,
ティルス＝デヴリス,ランサー,4,踝骨の衝撃,敵軍一列に中ダメージ,ダメージ,一列,中,敵軍城壁に小ダメージ,城壁ダメージ,,小,,,,,,,,
アビサルデューク,デストロイヤー,3,獄鬼壊乱,敵軍全師団に小ダメージ,ダメージ,全師団,小,敵軍城壁に大ダメージ,城壁ダメージ,,大,,,,,,,,
クレニウム＝デヴリス,キャスター,5,竜骸暴威,敵軍一列に呪い付与,呪い付与,一列,,敵軍一列に解除付与,解除付与,一列,,,,,,,,,
ゾンビコック,ヒーラー,3,ゾンビ定食弁当…デス,自軍師団蘇生(微),蘇生,師団,微,自軍全師団防御値アップ(５％),防御値,アップ,５％,,,,,,,,
屍巫女,ヒーラー,4,呪怨・血塗られの御霊,自軍師団回復(小),回復,師団,小,フォース吸収(中),フォース,吸収,中,,,,,,,,
ウルナ＝デヴリス,ヒーラー,3,竜骨女の呪い,自軍師団回復(小),回復,師団,小,フォース増加(微),フォース,増加,微,,,,,,,,
ノーライフキング,ヒーラー,4,亡者楽園,自軍師団蘇生(中),蘇生,師団,中,敵軍単体に毒化付与(１５％),毒化付与,単体,１５％,,,,,,,,
ドゥームプリンセス,ヒーラー,5,グラッジヒール,自軍師団回復(小),回復,師団,小,敵軍全師団全能力値ダウン(１０％),全能力値,ダウン,１０％,,,,,,,,
閻魔厨師,ヒーラー,4,地獄満願全席,自軍師団回復(大),回復,師団,大,フォース増加(中),フォース,増加,中,,,,,,,,
プロセルピナ,ヒーラー,5,冥界姫の笑み,自軍師団蘇生(中),蘇生,師団,中,自軍全師団防御値アップ(２０％),防御値,アップ,２０％,,,,,,,,
アビサルフィロソファ,ヒーラー,3,冥界の哲理,自軍師団蘇生(小),蘇生,師団,小,フォース吸収(小),フォース,吸収,小,,,,,,,,
スライム,ブレイダー,1,スライムアタック,敵軍単体に小ダメージ,ダメージ,単体,小,,,,,,,,,,,,
スクラップイーター,ブレイダー,2,プラグショック,敵軍単体に微ダメージ,ダメージ,単体,微,敵軍単体に麻痺付与,麻痺付与,単体,,,,,,,,,
エーテルブレイダー,ブレイダー,2,ライツセイバー,敵軍単体に小ダメージ,ダメージ,単体,小,自軍全師団攻撃値アップ(１０％),攻撃値,アップ,１０％,,,,,,,,
キラードール,ブレイダー,2,惨殺剣,敵軍単体に小ダメージ,ダメージ,単体,小,敵軍全師団防御値ダウン(５％),防御値,ダウン,５％,,,,,,,,
レイスソルダート,ブレイダー,3,ブレイクブレード,敵軍単体に中ダメージ,ダメージ,単体,中,敵軍城壁に中ダメージ,城壁ダメージ,,中,,,,,,,,
RGペルセウス,ブレイダー,3,エアスライド,敵軍単体に大ダメージ,ダメージ,単体,大,,,,,,,,,,,,
フォージアルカンジェ,ブレイダー,2,フォージナイフ,敵軍単体に微ダメージ,ダメージ,単体,微,敵軍全師団防御値ダウン(５％),防御値,ダウン,５％,,,,,,,,
デモンドール,ブレイダー,3,惨殺乱舞剣,敵軍単体に中ダメージ,ダメージ,単体,中,敵軍全師団速度値ダウン(１５％),速度値,ダウン,１５％,,,,,,,,
ファルスアルカンジェ,ブレイダー,2,ファルスナイフ,敵軍単体に微ダメージ,ダメージ,単体,微,敵軍全師団防御値ダウン(１０％),防御値,ダウン,１０％,,,,,,,,
スサノオ,ブレイダー,4,天叢雲剣,敵軍単体に大ダメージ,ダメージ,単体,大,敵軍城壁に大ダメージ,城壁ダメージ,,大,,,,,,,,
ジェットランサー,ブレイダー,2,ブラッドスクライド,敵軍単体に小ダメージ,ダメージ,単体,小,自軍全師団速度値アップ(１５％),速度値,アップ,１５％,,,,,,,,
ミミック,ブレイダー,2,キラキラボンバー,敵軍単体に小ダメージ,ダメージ,単体,小,フォース増加(小),フォース,増加,小,,,,,,,,
ゼラチナスキューブ,ヒーラー,4,勇者の嫁,自軍師団回復(小),回復,師団,小,自軍全師団攻撃値アップ(１５％),攻撃値,アップ,１５％,,,,,,,,
レイスライダー,ブレイダー,3,ライジング・デュエル,敵軍単体に中ダメージ,ダメージ,単体,中,敵軍城壁に中ダメージ,城壁ダメージ,,中,,,,,,,,
スケアクロウ・マータ,ランサー,3,ファーミング・デイ,敵軍一列に小ダメージ,ダメージ,一列,小,バリア効果(中),バリア,,中,,,,,,,,
マシンドラゴン,ガーダー,4,ドラゴニックギア,バリア効果(大),バリア,,大,自軍城壁拡張(大),城壁拡張,,大,自軍全師団攻撃値アップ(２０％),攻撃値,アップ,２０％,,,,
フォージガルガリン,ランサー,3,フォージガルガル,敵軍一列に小ダメージ,ダメージ,一列,小,自軍全師団攻撃値アップ(１５％),攻撃値,アップ,１５％,,,,,,,,
マザーミミック,ブレイダー,4,キラキラバーン,敵軍単体に大ダメージ,ダメージ,単体,大,フォース増加(中),フォース,増加,中,,,,,,,,
ファルスガルガリン,ランサー,3,ファルスガルガル,敵軍一列に中ダメージ,ダメージ,一列,中,敵軍全師団攻撃値ダウン(２０％),攻撃値,ダウン,２０％,,,,,,,,
ポンコツメイド,キャスター,1,ヤンスピーム,敵軍全師団知力値ダウン(５％),知力値,ダウン,５％,敵軍城壁に微ダメージ,城壁ダメージ,,微,,,,,,,,
エーテルガンナー,ブレイダー,2,ロックオンスナイプ,敵軍単体に小ダメージ,ダメージ,単体,小,敵軍城壁に小ダメージ,城壁ダメージ,,小,,,,,,,,
エーテルアサルト,ランサー,2,ブレイブアサルト,敵軍一列に微ダメージ,ダメージ,一列,微,敵軍全師団防御値ダウン(１０％),防御値,ダウン,１０％,,,,,,,,
メルカバ,ランサー,3,ロケット・ランチャー,敵軍一列に小ダメージ,ダメージ,一列,小,,,,,,,,,,,,
キリングメイド,ブレイダー,3,スリーストライク,敵軍単体に中ダメージ,ダメージ,単体,中,敵軍城壁に中ダメージ,城壁ダメージ,,中,敵軍全師団攻撃値ダウン(１０％),攻撃値,ダウン,１０％,,,,
フラットボディ,ブレイダー,3,ひんぬープレス,敵軍単体に小ダメージ,ダメージ,単体,小,敵軍単体に魅了付与,魅了付与,単体,,,,,,,,,
エーテルモノリス,キャスター,4,スキャニングコール,自軍全師団全能力値アップ(１５％),全能力値,アップ,１５％,敵軍全師団全能力値ダウン(１５％),全能力値,ダウン,１５％,,,,,,,,
RGアタランテ,ブレイダー,4,ロックオンスナイプ,敵軍単体に中ダメージ,ダメージ,単体,中,敵軍全師団防御値ダウン(１０％),防御値,ダウン,１０％,敵軍全師団速度値ダウン(１０％),速度値,ダウン,１０％,,,,
魔装機竜兵,ブレイダー,5,オーバーダイブ,敵軍単体に大ダメージ,ダメージ,単体,大,自軍全師団攻撃値アップ(２５％),攻撃値,アップ,２５％,,,,,,,,
フォージセラフ,デストロイヤー,5,イグニション・レイ,敵軍全師団に微ダメージ,ダメージ,全師団,微,敵軍全師団全能力値ダウン(１０％),全能力値,ダウン,１０％,敵軍城壁に中ダメージ,城壁ダメージ,,中,,,,
ファルスセラフ,デストロイヤー,5,イグニション・ダーク,敵軍全師団に小ダメージ,ダメージ,全師団,小,敵軍全師団全能力値ダウン(１５％),全能力値,ダウン,１５％,敵軍城壁に大ダメージ,城壁ダメージ,,大,,,,
スライムレディ,ブレイダー,2,スライム鉄砲,敵軍単体に小ダメージ,ダメージ,単体,小,敵軍城壁に小ダメージ,城壁ダメージ,,小,,,,,,,,
ネガフレイム,キャスター,4,炎と氷の賭場,フォース吸収(中),フォース,吸収,中,敵軍全師団知力値ダウン(２０％),知力値,ダウン,２０％,,,,,,,,
パペットマスター,キャスター,2,マリオネットダンス,フォース減少(微),フォース,減少,微,敵軍全師団知力値ダウン(１０％),知力値,ダウン,１０％,,,,,,,,
レイスマギア,ブレイダー,3,レイスバレット,敵軍単体に中ダメージ,ダメージ,単体,中,フォース増加(中),フォース,増加,中,,,,,,,,
スライムクイーン,デストロイヤー,4,スライム爆弾,敵軍師団に微ダメージ,ダメージ,師団,微,敵軍城壁に中ダメージ,城壁ダメージ,,中,,,,,,,,
エンブリオジェネラル,ヒーラー,5,パーフェクトコマンド,自軍師団回復(小),回復,師団,小,自軍全師団全能力値アップ(１５％),全能力値,アップ,１５％,,,,,,,,
パンドラ,キャスター,5,ミリオン・ミザリィー,敵軍全師団全能力値ダウン(２０％),全能力値,ダウン,２０％,,,,,,,,,,,,
フォージエクスシア,ブレイダー,4,造天使の償い,敵軍単体に中ダメージ,ダメージ,単体,中,敵軍単体に封印付与,封印付与,単体,,バリア効果(中),バリア,,中,,,,
ファルスエクスシア,ブレイダー,4,虚構の償い,敵軍単体に大ダメージ,ダメージ,単体,大,敵軍単体に封印付与,封印付与,単体,,バリア効果(大),バリア,,大,,,,
ガーゴイル,ブレイダー,2,石体落とし,敵軍単体に微ダメージ,ダメージ,単体,微,バリア効果(微),バリア,,微,,,,,,,,
人喰いボックス,ブレイダー,2,不意打ちガブリ,敵軍単体に小ダメージ,ダメージ,単体,小,,,,,,,,,,,,
ロックマン,ブレイダー,3,ロックバスター,敵軍単体に中ダメージ,ダメージ,単体,中,,,,,,,,,,,,
ストーンフォートレス,ガーダー,4,ストーンウォール,バリア効果(中),バリア,,中,自軍城壁拡張(大),城壁拡張,,大,,,,,,,,
カーバンクルナイト,ガーダー,2,ガーネット・フォウム,バリア効果(小),バリア,,小,,,,,,,,,,,,
エーテルガーダー,ガーダー,3,シャットアウトガード,バリア効果(小),バリア,,小,自軍城壁拡張(小),城壁拡張,,小,,,,,,,,
アイススタチュー,ガーダー,3,氷大外刈,敵軍単体に小ダメージ,ダメージ,単体,小,バリア効果(小),バリア,,小,,,,,,,,
レイスガード,ガーダー,3,レイスフィールド,バリア効果(小),バリア,,小,自軍全師団防御値アップ(１０％),防御値,アップ,１０％,,,,,,,,
フェイクウォール,ランサー,3,ウォールプレス,敵軍一列に小ダメージ,ダメージ,一列,小,,,,,,,,,,,,
アトレウス,キャスター,5,強欲なる怒り,自軍全師団人間特攻付与(１),人,,1,自軍全師団全能力値アップ(１５％),全能力値,アップ,１５％,,,,,,,,
オリハルコンマン,ブレイダー,4,ＳＳパンチ,自軍城壁拡張(大),城壁拡張,,大,敵軍単体に大ダメージ,ダメージ,単体,大,,,,,,,,
RGヘラクレス,ランサー,5,パワースラッシュ,敵軍一列に中ダメージ,ダメージ,一列,中,敵軍城壁に大ダメージ,城壁ダメージ,,大,,,,,,,,
イズン,ガーダー,3,防衛システム起動,バリア効果(大),バリア,,大,自軍全師団防御値アップ(２５％),防御値,アップ,２５％,,,,,,,,
フォージデュナミス,ガーダー,3,エネルゲイア,バリア効果(中),バリア,,中,フォース吸収(小),フォース,吸収,小,,,,,,,,
ファルスデュナミス,ガーダー,3,エンテレケイア,バリア効果(大),バリア,,大,フォース吸収(中),フォース,吸収,中,,,,,,,,
リビングスタチュー,ブレイダー,3,岩内股,敵軍単体に小ダメージ,ダメージ,単体,小,バリア効果(小),バリア,,小,,,,,,,,
センチュリオン,ブレイダー,3,へヴィ・ナックル,敵軍単体に中ダメージ,ダメージ,単体,中,,,,,,,,,,,,
ブラッドマータ,ランサー,3,拘束ナブリ,敵軍一列に小ダメージ,ダメージ,一列,小,,,,,,,,,,,,
セキュリティロボ,ランサー,3,迎撃モード移行,敵軍一列に微ダメージ,ダメージ,一列,微,自軍全師団攻撃値アップ(１０％),攻撃値,アップ,１０％,自軍全師団防御値アップ(１０％),防御値,アップ,１０％,,,,
パペッティア,ランサー,4,ネックブリーカーボム,敵軍一列に中ダメージ,ダメージ,一列,中,,,,,,,,,,,,
マグマゴーレム,ブレイダー,3,スプラッシュパンチ,敵軍単体に中ダメージ,ダメージ,単体,中,敵軍城壁に小ダメージ,城壁ダメージ,,小,,,,,,,,
ミミックバーガー,ブレイダー,3,ケチャップドバドバ,敵軍単体に小ダメージ,ダメージ,単体,小,自軍全師団攻撃値アップ(１０％),攻撃値,アップ,１０％,,,,,,,,
マシンサウルス,ランサー,5,タイタニックビート,敵軍一列に大ダメージ,ダメージ,一列,大,自軍全師団攻撃値アップ(１０％),攻撃値,アップ,１０％,,,,,,,,
エンブリオアドミラル,キャスター,5,ウルティマコマンド,敵軍城壁に中ダメージ,城壁ダメージ,,中,自軍全師団全能力値アップ(２０％),全能力値,アップ,２０％,,,,,,,,
フォージケルビム,キャスター,3,事象改変,敵軍全師団全能力値ダウン(１５％),全能力値,ダウン,１５％,敵軍城壁に中ダメージ,城壁ダメージ,,中,,,,,,,,
ファルスケルビム,キャスター,3,次元改変,敵軍単体に停止付与,停止付与,単体,,敵軍全師団全能力値ダウン(１５％),全能力値,ダウン,１５％,敵軍城壁に中ダメージ,城壁ダメージ,,中,,,,
アルカイックドラゴン,デストロイヤー,5,アルカイックバースト,敵軍城壁に大ダメージ,城壁ダメージ,,大,敵軍師団に中ダメージ,ダメージ,師団,中,,,,,,,,
エーテルウィスプ,ヒーラー,2,エーテリア・ヒール,自軍師団回復(微),回復,師団,微,自軍全師団知力値アップ(１０％),知力値,アップ,１０％,,,,,,,,
ラビリンシー,ヒーラー,2,小人の迷宮保善活動,自軍師団回復(微),回復,師団,微,自軍城壁拡張(小),城壁拡張,,小,,,,,,,,
アルケフェアリー,ガーダー,3,ビットバリア,バリア効果(小),バリア,,小,自軍全師団知力値アップ(１５％),知力値,アップ,１５％,,,,,,,,
ヤーボドラゴン,ガーダー,3,プロテクトバリア,バリア効果(小),バリア,,小,自軍全師団攻撃値アップ(５％),攻撃値,アップ,５％,自軍全師団速度値アップ(５％),速度値,アップ,５％,,,,
クッキングママ,ヒーラー,3,クッキングスタート,自軍師団回復(小),回復,師団,小,フォース増加(中),フォース,増加,中,,,,,,,,
キャンディハウス,ヒーラー,3,スウィートホーム,自軍師団回復(小),回復,師団,小,バリア効果(小),バリア,,小,,,,,,,,
フォージドミニオン,ヒーラー,3,フォージ・プロトコル,自軍師団回復(中),回復,師団,中,自軍全師団全能力値アップ(５％),全能力値,アップ,５％,,,,,,,,
ファルスドミニオン,ヒーラー,3,ファルス・プロトコル,自軍師団回復(中),回復,師団,中,自軍全師団全能力値アップ(１０％),全能力値,アップ,１０％,,,,,,,,
ドラゴンパピー,ブレイダー,1,ミニファイア,敵軍単体に微ダメージ,ダメージ,単体,微,自軍全師団速度値アップ(５％),速度値,アップ,５％,,,,,,,,
ドルガンソルジャー,ブレイダー,2,地竜疾駆,敵軍単体に小ダメージ,ダメージ,単体,小,敵軍城壁に小ダメージ,城壁ダメージ,,小,,,,,,,,
ウィルムセイバー,ブレイダー,2,ドラゴンソニック,敵軍単体に小ダメージ,ダメージ,単体,小,自軍全師団速度値アップ(１０％),速度値,アップ,１０％,,,,,,,,
アクアドラゴン,ブレイダー,3,アクアクロー,敵軍単体に中ダメージ,ダメージ,単体,中,自軍全師団知力値アップ(１５％),知力値,アップ,１５％,,,,,,,,
ブネ,ブレイダー,3,ハイスラァ,敵軍単体に中ダメージ,ダメージ,単体,中,敵軍城壁に中ダメージ,城壁ダメージ,,中,,,,,,,,
フェザーナイト,ブレイダー,2,ホークアサルト,敵軍単体に小ダメージ,ダメージ,単体,小,自軍全師団速度値アップ(１０％),速度値,アップ,１０％,,,,,,,,
華竜刀士,ブレイダー,2,桜花斬刃,敵軍単体に中ダメージ,ダメージ,単体,中,自軍全師団攻撃値アップ(５％),攻撃値,アップ,５％,,,,,,,,
華竜忍者,キャスター,3,空蝉影分身の術,敵軍全師団攻撃値ダウン(１０％),攻撃値,ダウン,１０％,敵軍全師団防御値ダウン(１０％),防御値,ダウン,１０％,敵軍全師団速度値ダウン(１０％),速度値,ダウン,１０％,,,,
クリスタルドラゴン,ヒーラー,4,竜水晶の輝き,自軍師団回復(小),回復,師団,小,自軍師団の状態異常を回復,状態異常回復,,,自軍師団に１ターン絶対治療付与,絶対治療付与,,,,,,
海原の古竜,ランサー,4,アクアブレス,敵軍一列に中ダメージ,ダメージ,一列,中,自軍全師団知力値アップ(２０％),知力値,アップ,２０％,,,,,,,,
ウルクナイト,ランサー,3,ドラゴンクロス,敵軍一列に中ダメージ,ダメージ,一列,中,,,,,,,,,,,,
ウロボロス,キャスター,5,インフィニティ,敵軍一列に停止付与,停止付与,一列,,,,,,,,,,,,,
ドラゴニュート,ブレイダー,3,滑空槍撃,敵軍単体に小ダメージ,ダメージ,単体,小,敵軍全師団防御値ダウン(１０％),防御値,ダウン,１０％,,,,,,,,
ファイアドラゴン,ブレイダー,3,火竜爪,敵軍単体に中ダメージ,ダメージ,単体,中,自軍全師団攻撃値アップ(１０％),攻撃値,アップ,１０％,,,,,,,,
サラマンダー,ランサー,4,ファイアーブレス,敵軍一列に中ダメージ,ダメージ,一列,中,自軍全師団攻撃値アップ(５％),攻撃値,アップ,５％,,,,,,,,
ウィルムジェネラル,キャスター,4,殲滅陣形・天の型,敵軍城壁に大ダメージ,城壁ダメージ,,大,自軍全師団攻撃値アップ(２０％),攻撃値,アップ,２０％,自軍全師団速度値アップ(２５％),速度値,アップ,２５％,,,,
シルパードラゴン,ランサー,5,銀の竜風,敵軍一列に大ダメージ,ダメージ,一列,大,フォース減少(大),フォース,減少,大,,,,,,,,
煉獄の古竜,ランサー,4,ファイアブレス,敵軍一列に中ダメージ,ダメージ,一列,中,自軍全師団攻撃値アップ(１５％),攻撃値,アップ,１５％,,,,,,,,
華竜騎士,ブレイダー,3,早駆け,敵軍単体に中ダメージ,ダメージ,単体,中,自軍全師団攻撃値アップ(５％),攻撃値,アップ,５％,自軍全師団速度値アップ(５％),速度値,アップ,５％,,,,
ジャパウォック,ランサー,5,ブラッドクロウ,敵軍一列に中ダメージ,ダメージ,一列,中,敵軍全師団防御値ダウン(５％),防御値,ダウン,５％,敵軍全師団知力値ダウン(１５％),知力値,ダウン,１５％,,,,
ドルガンメイジ,ランサー,3,ウイングマジック,敵軍一列に小ダメージ,ダメージ,一列,小,自軍全師団知力値アップ(１５％),知力値,アップ,１５％,,,,,,,,
ストームドラゴン,ブレイダー,3,ドラゴンダイブ,敵軍単体に中ダメージ,ダメージ,単体,中,自軍全師団速度値アップ(１５％),速度値,アップ,１５％,,,,,,,,
フェザーサジタリス,ランサー,3,フェザーアロー,敵軍一列に微ダメージ,ダメージ,一列,微,敵軍全師団速度値ダウン(１０％),速度値,ダウン,１０％,,,,,,,,
華竜弓士,ブレイダー,3,射貫き,敵軍単体に中ダメージ,ダメージ,単体,中,フォース減少(小),フォース,減少,小,,,,,,,,
大嵐の古竜,ランサー,4,ストームスラッシュ,敵軍一列に中ダメージ,ダメージ,一列,中,自軍全師団速度値アップ(２０％),速度値,アップ,２０％,,,,,,,,
ウルクエンフォーサー,ブレイダー,3,エクスキューション,敵軍単体に中ダメージ,ダメージ,単体,中,敵軍単体に封印付与,封印付与,単体,,,,,,,,,
アイアタル,キャスター,5,絶対零度ブレス,敵軍一列に凍結付与,,一列,,,,,,,,,,,,,
コロッサルドラゴン,デストロイヤー,5,エスピリト・カノン,敵軍師団に中ダメージ,ダメージ,師団,中,敵軍城壁に小ダメージ,城壁ダメージ,,小,,,,,,,,
ビッグバンドラゴン,デストロイヤー,5,ビッグバン・カノン,敵軍城壁に中ダメージ,城壁ダメージ,,中,敵軍師団に中ダメージ,ダメージ,師団,中,,,,,,,,
ウィルムドルイド,ランサー,3,ファイアストーム,敵軍一列に小ダメージ,ダメージ,一列,小,,,,,,,,,,,,
ウィルムサマナー,ランサー,3,サモン・ドラゴン,敵軍一列に小ダメージ,ダメージ,一列,小,自軍全師団知力値アップ(１０％),知力値,アップ,１０％,,,,,,,,
フェザーミディアム,ランサー,3,ウィンドブラスト,敵軍一列に微ダメージ,ダメージ,一列,微,敵軍城壁に小ダメージ,城壁ダメージ,,小,,,,,,,,
ドラゴンウィザード,ガーダー,3,ミーミスブルン,バリア効果(中),バリア,,中,自軍全師団知力値アップ(２０％),知力値,アップ,２０％,,,,,,,,
ドラゴンウィッチ,ランサー,4,アイスストーム,敵軍一列に小ダメージ,ダメージ,一列,小,敵軍全師団知力値ダウン(２０％),知力値,ダウン,２０％,,,,,,,,
華竜術士,キャスター,4,冥道霊符陣,敵軍一列に呪い付与,呪い付与,一列,,敵軍全師団全能力値ダウン(５％),全能力値,ダウン,５％,,,,,,,,
ファントムドラゴン,デストロイヤー,5,ソウルハウル,敵軍師団に大ダメージ,ダメージ,師団,大,,,,,,,,,,,,
ドラゴンソウル,ブレイダー,4,竜炎業火,敵軍単体に大ダメージ,ダメージ,単体,大,フォース増加(大),フォース,増加,大,,,,,,,,
虹竜イピリア,ヒーラー,3,豊穣の大雨,自軍師団の状態異常を回復,状態異常回復,,,自軍師団に１ターン絶対治療付与,絶対治療付与,,,自軍師団回復(中),回復,師団,中,,,,
シーサーペント,ランサー,3,サーペントブレス,敵軍一列に微ダメージ,ダメージ,一列,微,自軍城壁拡張(小),城壁拡張,,小,,,,,,,,
マグマサーペント,ランサー,3,マグマブレス,敵軍一列に微ダメージ,ダメージ,一列,微,自軍城壁拡張(小),城壁拡張,,小,,,,,,,,
ウィルムルーク,ガーダー,4,ドラゴンブロッカー,バリア効果(中),バリア,,中,フォース増加(中),フォース,増加,中,,,,,,,,
アースドラゴン,ブレイダー,3,ドラゴンズロック,敵軍単体に中ダメージ,ダメージ,単体,中,自軍全師団防御値アップ(１０％),防御値,アップ,１０％,,,,,,,,
ガストサーペント,ランサー,4,ガストブレス,敵軍一列に小ダメージ,ダメージ,一列,小,敵軍一列に毒化付与(１５％),毒化付与,一列,１５％,,,,,,,,
ドラゴンシールダー,キャスター,2,アーマーガード,自軍全師団防御値アップ(１０％),防御値,アップ,１０％,フォース増加(微),フォース,増加,微,,,,,,,,
アーマードラゴン,キャスター,4,岩竜ガード,フォース増加(大),フォース,増加,大,自軍城壁拡張(大),城壁拡張,,大,,,,,,,,
岩窟の古竜,ランサー,4,アースランス,敵軍一列に中ダメージ,ダメージ,一列,中,自軍全師団防御値アップ(１５％),防御値,アップ,１５％,,,,,,,,
腐竜アウドムラ,ランサー,4,腐毒ブレス,敵軍一列に中ダメージ,ダメージ,一列,中,敵軍一列に毒化付与(２０％),毒化付与,一列,２０％,,,,,,,,
ウルクジェネラル,キャスター,4,竜将軍の叱咤,自軍師団の状態異常を回復,状態異常回復,,,自軍師団に１ターン絶対治療付与,絶対治療付与,,,自軍全師団全能力値アップ(１０％),全能力値,アップ,１０％,,,,
ワイバーン,ランサー,4,翼竜爪,敵軍一列に中ダメージ,ダメージ,一列,中,自軍全師団速度値アップ(１０％),速度値,アップ,１０％,,,,,,,,
ダークドラゴン,ブレイダー,4,シャドウイーター,敵軍単体に中ダメージ,ダメージ,単体,中,自軍全師団全能力値アップ(１０％),全能力値,アップ,１０％,,,,,,,,
レイクヒュドラ,ヒーラー,5,竜血再生,自軍師団回復(大),回復,師団,大,自軍全師団防御値アップ(１５％),防御値,アップ,１５％,,,,,,,,
ドラゴンアルケミスト,キャスター,3,ケミカルパライズ,敵軍単体に麻痺付与,麻痺付与,単体,,敵軍全師団速度値ダウン(１０％),速度値,ダウン,１０％,,,,,,,,
ゴールドドラゴン,ランサー,5,金の竜爪,敵軍一列に大ダメージ,ダメージ,一列,大,フォース減少(大),フォース,減少,大,,,,,,,,
深淵の古竜,デストロイヤー,5,アビスロア,敵軍師団に中ダメージ,ダメージ,師団,中,フォース吸収(中),フォース,吸収,中,,,,,,,,
ドラゴンパニッシャー,ブレイダー,3,パニッシュメント,敵軍単体に中ダメージ,ダメージ,単体,中,敵軍単体に封印付与,封印付与,単体,,,,,,,,,
アビスヒュドラ,ランサー,5,アビッサル・バイト,敵軍一列に大ダメージ,ダメージ,一列,大,フォース増加(大),フォース,増加,大,,,,,,,,
ガルグイユ,ヒーラー,5,宝玉の輝き,自軍師団の状態異常を回復,状態異常回復,,,自軍師団に１ターン絶対治療付与,絶対治療付与,,,自軍全師団全能力値アップ(２０％),全能力値,アップ,２０％,,,,
覇竜ミズガルズ,ランサー,5,覇竜氷結流,敵軍一列に中ダメージ,ダメージ,一列,中,敵軍一列に凍結付与,,一列,,バリア効果(大),バリア,,大,,,,
ドラゴバルーン,ブレイダー,2,竜風船体当たり,敵軍単体に小ダメージ,ダメージ,単体,小,自軍全師団速度値アップ(５％),速度値,アップ,５％,,,,,,,,
ドラゴンディーバ,キャスター,2,ドラゴンマーチ,フォース増加(小),フォース,増加,小,自軍全師団攻撃値アップ(１０％),攻撃値,アップ,１０％,自軍全師団防御値アップ(１０％),防御値,アップ,１０％,,,,
竜厨師,ヒーラー,4,太陽の満漢全席,自軍師団回復(小),回復,師団,小,自軍全師団攻撃値アップ(１５％),攻撃値,アップ,１５％,自軍全師団防御値アップ(１５％),防御値,アップ,１５％,,,,
華竜巫女,ヒーラー,3,竜神楽,自軍師団の状態異常を回復,状態異常回復,,,自軍師団に１ターン絶対治療付与,絶対治療付与,,,自軍全師団全能力値アップ(５％),全能力値,アップ,５％,,,,
ドラゴンハーピスト,ヒーラー,3,竜弦の響き,自軍師団の状態異常を回復,状態異常回復,,,自軍師団に１ターン絶対治療付与,絶対治療付与,,,自軍師団回復(小),回復,師団,小,,,,
ウルクプリースト,ヒーラー,4,清廉なる祈り,自軍師団回復(中),回復,師団,中,バリア効果(中),バリア,,中,,,,,,,,
母竜エキドナ,キャスター,4,母性解放,自軍全師団全能力値アップ(２５％),全能力値,アップ,２５％,,,,,,,,,,,,
触手,ヒーラー,2,テンタロックル,自軍師団回復(小),回復,師団,小,敵軍全師団防御値ダウン(１０％),防御値,ダウン,１０％,,,,,,,,
異獣キャンサード,ブレイダー,2,技む,敵軍単体に小ダメージ,ダメージ,単体,小,,,,,,,,,,,,
触主,ヒーラー,3,テンタロンリネス,自軍師団回復(小),回復,師団,小,敵軍全師団防御値ダウン(１５％),防御値,ダウン,１５％,,,,,,,,
変異獣マリガント,ブレイダー,3,挟み砕く,敵軍単体に中ダメージ,ダメージ,単体,中,,,,,,,,,,,,
パラミシア,キャスター,4,パラサイトス,フォース吸収(大),フォース,吸収,大,敵軍単体に麻痺付与,麻痺付与,単体,,,,,,,,,
触王,ヒーラー,5,テンタロマンチスト,自軍師団回復(大),回復,師団,大,敵軍全師団防御値ダウン(２５％),防御値,ダウン,２５％,,,,,,,,
触神,ヒーラー,5,テンタミソロジー,自軍師団回復(大),回復,師団,大,敵軍全師団防御値ダウン(３０％),防御値,ダウン,３０％,敵軍全師団速度値ダウン(２０％),速度値,ダウン,２０％,,,,
ガイアスセイバー,ランサー,5,パラサイトブレイド,敵軍一列に中ダメージ,ダメージ,一列,中,敵軍全師団防御値ダウン(３０％),防御値,ダウン,３０％,,,,,,,,
異獣ドベル,ランサー,3,噛みつく,敵軍一列に小ダメージ,ダメージ,一列,小,,,,,,,,,,,,
キメラホーネット,ブレイダー,3,アシッド・ピアース,敵軍単体に中ダメージ,ダメージ,単体,中,敵軍全師団防御値ダウン(１５％),防御値,ダウン,１５％,,,,,,,,
バルバ・タウロス,キャスター,3,加速する,フォース増加(小),フォース,増加,小,自軍全師団速度値アップ(２０％),速度値,アップ,２０％,自軍全師団攻撃値アップ(１５％),攻撃値,アップ,１５％,,,,
触手男爵,ヒーラー,3,テンタティータイム,自軍師団回復(小),回復,師団,小,敵軍全師団速度値ダウン(１５％),速度値,ダウン,１５％,,,,,,,,
蟲狼竜,ブレイダー,3,食らいつく,敵軍単体に中ダメージ,ダメージ,単体,中,フォース吸収(小),フォース,吸収,小,,,,,,,,
変異獣ドグマ,ランサー,5,噛み千切る,敵軍一列に中ダメージ,ダメージ,一列,中,,,,,,,,,,,,
腐毒狼竜,ブレイダー,3,捕食,敵軍単体に大ダメージ,ダメージ,単体,大,敵軍単体に毒化付与(３０％),毒化付与,単体,３０％,,,,,,,,
鬼燐百足,ガーダー,3,玉鋼の甲殻,自軍全師団防御値アップ(２０％),防御値,アップ,２０％,バリア効果(小),バリア,,小,,,,,,,,
ランドクロウラー,ブレイダー,1,ころころタックル,敵軍単体に微ダメージ,ダメージ,単体,微,自軍城壁拡張(微),城壁拡張,,微,,,,,,,,
異獣ベヌフライ,デストロイヤー,4,嫌な羽音,敵軍師団に微ダメージ,ダメージ,師団,微,敵軍全師団攻撃値ダウン(１０％),攻撃値,ダウン,１０％,,,,,,,,
変異獣ストローワ,デストロイヤー,5,不快な羽音,敵軍師団に小ダメージ,ダメージ,師団,小,敵軍全師団攻撃値ダウン(１５％),攻撃値,ダウン,１５％,,,,,,,,
触手姫,ヒーラー,5,ビョルビョルしますわ,自軍師団蘇生(中),蘇生,師団,中,敵軍全師団防御値ダウン(３０％),防御値,ダウン,３０％,,,,,,,,
アトラクナクア,キャスター,5,アトラク＝ナクア,自軍城壁拡張(大),城壁拡張,,大,敵軍一列に麻痺付与,麻痺付与,一列,,敵軍全師団全能力値ダウン(１０％),全能力値,ダウン,１０％,,,,
ガイアスデューク,ブレイダー,4,パラサイトバレッド,敵軍単体に大ダメージ,ダメージ,単体,大,フォース吸収(中),フォース,吸収,中,,,,,,,,
異獣ディムソーサ,キャスター,2,変な踊り,自軍城壁拡張(小),城壁拡張,,小,敵軍全師団知力値ダウン(１５％),知力値,ダウン,１５％,敵軍全師団攻撃値ダウン(１０％),攻撃値,ダウン,１０％,,,,
地獄蝶,ランサー,3,地獄へご招待,敵軍一列に小ダメージ,ダメージ,一列,小,フォース減少(小),フォース,減少,小,,,,,,,,
ワームクイーン,ヒーラー,2,触手医療,自軍師団回復(微),回復,師団,微,敵軍全師団知力値ダウン(１０％),知力値,ダウン,１０％,,,,,,,,
バルバ・ストレイ,ブレイダー,3,水鉄砲,敵軍単体に中ダメージ,ダメージ,単体,中,敵軍城壁に中ダメージ,城壁ダメージ,,中,,,,,,,,
変異獣ペストール,キャスター,3,不思議な踊り,自軍城壁拡張(中),城壁拡張,,中,敵軍全師団知力値ダウン(２０％),知力値,ダウン,２０％,敵軍全師団攻撃値ダウン(１５％),攻撃値,ダウン,１５％,,,,
禁獣アバドン,ランサー,5,きゃははははーーっ,敵軍一列に中ダメージ,ダメージ,一列,中,フォース吸収(大),フォース,吸収,大,,,,,,,,
異獣バグス,ランサー,2,巻き付く,敵軍一列に小ダメージ,ダメージ,一列,小,敵軍城壁に微ダメージ,城壁ダメージ,,微,,,,,,,,
ガイアスキャリア,ヒーラー,3,ブレインイーター,自軍師団回復(小),回復,師団,小,敵軍単体に毒化付与(１０％),毒化付与,単体,１０％,,,,,,,,
バルバ・ドラグス,ブレイダー,3,ふみつけ,敵軍単体に大ダメージ,ダメージ,単体,大,,,,,,,,,,,,
変異獣ギグス,ランサー,4,激しく巻き付く,敵軍一列に中ダメージ,ダメージ,一列,中,敵軍城壁に中ダメージ,城壁ダメージ,,中,,,,,,,,
ビョルキリー,ヒーラー,5,ニュルンベルクシルト,自軍師団回復(中),回復,師団,中,自軍全師団全能力値アップ(１５％),全能力値,アップ,１５％,,,,,,,,
魔蝕姫マイノグーラ,デストロイヤー,5,永遠を喰らう口,敵軍師団に中ダメージ,ダメージ,師団,中,フォース吸収(大),フォース,吸収,大,,,,,,,,
キラービー,ブレイダー,1,今日も一日頑張るビー,敵軍単体に微ダメージ,ダメージ,単体,微,敵軍単体に毒化付与(５％),毒化付与,単体,５％,,,,,,,,
異獣プラタルス,ランサー,3,体当たり,敵軍一列に小ダメージ,ダメージ,一列,小,バリア効果(小),バリア,,小,,,,,,,,
食竜花,キャスター,3,竜族捕食,自軍全師団竜族特攻付与(１),竜,,1,フォース吸収(小),フォース,吸収,小,,,,,,,,
変異獣プラトナム,ランサー,5,全力体当たり,敵軍一列に中ダメージ,ダメージ,一列,中,バリア効果(大),バリア,,大,,,,,,,,
腐食竜花,キャスター,4,竜族毒化捕食,敵軍一列に毒化付与(１５％),毒化付与,一列,１５％,自軍全師団竜族特攻付与(１),竜,,1,フォース吸収(小),フォース,吸収,小,,,,
混沌蟲アバドン,ランサー,5,ワタシの生け贄,敵軍一列に大ダメージ,ダメージ,一列,大,フォース吸収(大),フォース,吸収,大,,,,,,,,
ココペルマナ,ガーダー,2,カチナの笛,バリア効果(小),バリア,,小,自軍全師団速度値アップ(１５％),速度値,アップ,１５％,,,,,,,,
クイーンズビー,キャスター,2,私の為に働きなさい,フォース増加(小),フォース,増加,小,敵軍全師団防御値ダウン(１０％),防御値,ダウン,１０％,敵軍全師団攻撃値ダウン(１０％),攻撃値,ダウン,１０％,,,,
ガイアスミディアム,ブレイダー,3,ブレインクラッシュ,敵軍単体に中ダメージ,ダメージ,単体,中,敵軍単体に毒化付与(１５％),毒化付与,単体,１５％,,,,,,,,
ラビリンスキーパー,ヒーラー,4,迷宮クリーニング,自軍師団回復(大),回復,師団,大,自軍城壁拡張(中),城壁拡張,,中,,,,,,,,
ガイアスアキテクト,キャスター,5,ブレインポイズン,敵軍一列に毒化付与(２０％),毒化付与,一列,２０％,敵軍全師団攻撃値ダウン(１５％),攻撃値,ダウン,１５％,,,,,,,,
ファイター,ブレイダー,2,カチ割り,敵軍単体に小ダメージ,ダメージ,単体,小,敵軍全師団防御値ダウン(５％),防御値,ダウン,５％,,,,,,,,
レディファイター,ブレイダー,2,気合の一撃,敵軍単体に小ダメージ,ダメージ,単体,小,敵軍全師団攻撃値ダウン(５％),攻撃値,ダウン,５％,,,,,,,,
侍,ブレイダー,1,正々堂々斬,敵軍単体に微ダメージ,ダメージ,単体,微,敵軍全師団攻撃値ダウン(５％),攻撃値,ダウン,５％,,,,,,,,
チャリオット,ランサー,3,ひき逃げバスター,敵軍一列に小ダメージ,ダメージ,一列,小,敵軍城壁に小ダメージ,城壁ダメージ,,小,,,,,,,,
パイレーツ,ブレイダー,2,追い剥ぎサーベル,敵軍単体に微ダメージ,ダメージ,単体,微,敵軍全師団速度値ダウン(１５％),速度値,ダウン,１５％,自軍全師団速度値アップ(１５％),速度値,アップ,１５％,,,,
アマゾンブレイダー,ブレイダー,2,密林戦法・斬,敵軍単体に小ダメージ,ダメージ,単体,小,敵軍全師団防御値ダウン(５％),防御値,ダウン,５％,フォース減少(小),フォース,減少,小,,,,
クロウドラグーン,デストロイヤー,4,レッツパーリー,敵軍師団に小ダメージ,ダメージ,師団,小,,,,,,,,,,,,
グラディエーター,ブレイダー,2,キャッチ&スラッシュ,敵軍単体に小ダメージ,ダメージ,単体,小,敵軍全師団速度値ダウン(１５％),速度値,ダウン,１５％,敵軍全師団防御値ダウン(１０％),防御値,ダウン,１０％,,,,
クルセイダー,ヒーラー,4,セイント・バリア,自軍師団回復(中),回復,師団,中,バリア効果(小),バリア,,小,,,,,,,,
レディクルセイダー,ブレイダー,4,セイント・クラッシュ,敵軍単体に中ダメージ,ダメージ,単体,中,敵軍城壁に中ダメージ,城壁ダメージ,,中,,,,,,,,
アサシン,ランサー,3,ヴェノムナイフ,敵軍一列に微ダメージ,ダメージ,一列,微,敵軍単体に毒化付与(２０％),毒化付与,単体,２０％,,,,,,,,
レディアサシン,ランサー,3,パライズクロー,敵軍一列に小ダメージ,ダメージ,一列,小,敵軍単体に麻痺付与,麻痺付与,単体,,,,,,,,,
ハルモニアナイツ,ブレイダー,3,密林戦技・レパード,敵軍単体に中ダメージ,ダメージ,単体,中,自軍全師団全能力値アップ(５％),全能力値,アップ,５％,,,,,,,,
剣豪,ブレイダー,4,二刀流・鬼斬,敵軍単体に中ダメージ,ダメージ,単体,中,自軍全師団攻撃値アップ(１５％),攻撃値,アップ,１５％,,,,,,,,
女剣豪,ブレイダー,4,二刀流・鬼灯,敵軍単体に中ダメージ,ダメージ,単体,中,自軍全師団速度値アップ(２０％),速度値,アップ,２０％,,,,,,,,
桃太狼,ブレイダー,5,明王ラッシュ,敵軍単体に大ダメージ,ダメージ,単体,大,敵軍単体に停止付与,停止付与,単体,,,,,,,,,
スーパー剣兵,ブレイダー,5,ファイナル流し斬り,敵軍単体に極ダメージ,ダメージ,単体,極,敵軍全師団全能力値ダウン(２５％),全能力値,ダウン,２５％,敵軍城壁に大ダメージ,城壁ダメージ,,大,,,,
女武者,キャスター,1,いざ参る,フォース増加(小),フォース,増加,小,自軍全師団攻撃値アップ(１０％),攻撃値,アップ,１０％,,,,,,,,
ナイト,ブレイダー,2,アサルトラッシュ,敵軍単体に微ダメージ,ダメージ,単体,微,自軍全師団攻撃値アップ(１０％),攻撃値,アップ,１０％,自軍全師団速度値アップ(１０％),速度値,アップ,１０％,,,,
レディナイト,ブレイダー,2,リーズンラッシュ,敵軍単体に微ダメージ,ダメージ,単体,微,自軍全師団全能力値アップ(５％),全能力値,アップ,５％,,,,,,,,
バウンサー,ブレイダー,1,邪道槍術,敵軍単体に微ダメージ,ダメージ,単体,微,敵軍全師団攻撃値ダウン(５％),攻撃値,ダウン,５％,敵軍城壁に微ダメージ,城壁ダメージ,,微,,,,
アマゾネス,ブレイダー,1,密林戦法・突,敵軍単体に微ダメージ,ダメージ,単体,微,フォース増加(微),フォース,増加,微,敵軍全師団攻撃値ダウン(５％),攻撃値,ダウン,５％,,,,
ビーストライダー,ブレイダー,2,人狼一体・黒雷撃,敵軍単体に小ダメージ,ダメージ,単体,小,フォース増加(小),フォース,増加,小,,,,,,,,
グリフォンライダー,ブレイダー,2,ゴーグリフォン,敵軍単体に小ダメージ,ダメージ,単体,小,敵軍城壁に小ダメージ,城壁ダメージ,,小,,,,,,,,
ゲイルリッター,ランサー,3,ゲイルブレイド,敵軍一列に小ダメージ,ダメージ,一列,小,,,,,,,,,,,,
里騎士,ブレイダー,2,身の程をわきまえよ,敵軍単体に小ダメージ,ダメージ,単体,小,敵軍城壁に小ダメージ,城壁ダメージ,,小,敵軍単体に毒化付与(１０％),毒化付与,単体,１０％,,,,
武士,ランサー,3,武士突撃,敵軍一列に微ダメージ,ダメージ,一列,微,自軍全師団攻撃値アップ(１０％),攻撃値,アップ,１０％,,,,,,,,
ウィングドラグーン,ヒーラー,3,飛竜の咆吼,自軍師団回復(小),回復,師団,小,自軍全師団速度値アップ(１５％),速度値,アップ,１５％,自軍全師団攻撃値アップ(１０％),攻撃値,アップ,１０％,,,,
ヴァイスリッター,ランサー,4,ペガススの乙女,敵軍一列に小ダメージ,ダメージ,一列,小,自軍全師団攻撃値アップ(１５％),攻撃値,アップ,１５％,自軍全師団防御値アップ(１５％),防御値,アップ,１５％,,,,
フォビドゥーン,キャスター,3,毒房の紫槍,フォース吸収(中),フォース,吸収,中,敵軍一列に毒化付与(１５％),毒化付与,一列,１５％,,,,,,,,
ロードナイト,ランサー,4,血煙防戦陣,敵軍一列に小ダメージ,ダメージ,一列,小,自軍城壁拡張(小),城壁拡張,,小,,,,,,,,
レディロードナイト,ヒーラー,3,ロードシールド,自軍師団の状態異常を回復,状態異常回復,,,自軍師団に１ターン絶対治療付与,絶対治療付与,,,自軍全師団防御値アップ(２０％),防御値,アップ,２０％,,,,
ドラゴンナイト,ランサー,4,天空の撃墜王,敵軍一列に小ダメージ,ダメージ,一列,小,敵軍全師団攻撃値ダウン(１０％),攻撃値,ダウン,１０％,,,,,,,,
レディドラゴンナイト,ブレイダー,3,人竜一体,敵軍単体に中ダメージ,ダメージ,単体,中,自軍全師団攻撃値アップ(１０％),攻撃値,アップ,１０％,,,,,,,,
カーディナル,ランサー,3,おお、我らが主よ,敵軍一列に微ダメージ,ダメージ,一列,微,敵軍全師団全能力値ダウン(１５％),全能力値,ダウン,１５％,,,,,,,,
侍大将,キャスター,4,合戦大号令,敵軍城壁に小ダメージ,城壁ダメージ,,小,自軍全師団全能力値アップ(１０％),全能力値,アップ,１０％,,,,,,,,
クロスボウマン,ブレイダー,1,ラピッドアロー,敵軍単体に微ダメージ,ダメージ,単体,微,敵軍全師団防御値ダウン(５％),防御値,ダウン,５％,,,,,,,,
アーチャー,ランサー,3,一斉斉射,敵軍一列に微ダメージ,ダメージ,一列,微,敵軍全師団攻撃値ダウン(１０％),攻撃値,ダウン,１０％,,,,,,,,
レディアーチャー,ランサー,3,スピードショット,敵軍一列に微ダメージ,ダメージ,一列,微,敵軍全師団速度値ダウン(１５％),速度値,ダウン,１５％,,,,,,,,
ノーマッド,ブレイダー,1,馬上弓の一撃,敵軍単体に微ダメージ,ダメージ,単体,微,自軍全師団速度値アップ(１０％),速度値,アップ,１０％,,,,,,,,
忍者,ガーダー,2,空蝉の術・壱,バリア効果(微),バリア,,微,自軍全師団速度値アップ(１０％),速度値,アップ,１０％,,,,,,,,
銃士,キャスター,1,シルバーショット,敵軍単体に微ダメージ,ダメージ,単体,微,自軍全師団知力値アップ(１０％),知力値,アップ,１０％,,,,,,,,
ローグ,キャスター,3,破壊工作,敵軍城壁に小ダメージ,城壁ダメージ,,小,敵軍全師団防御値ダウン(１０％),防御値,ダウン,１０％,,,,,,,,
レディローグ,キャスター,3,隠密工作,敵軍単体に麻痺付与,麻痺付与,単体,,敵軍全師団全能力値ダウン(５％),全能力値,ダウン,５％,,,,,,,,
騎兵銃士,ブレイダー,2,ロングレンジショット,敵軍単体に小ダメージ,ダメージ,単体,小,フォース減少(小),フォース,減少,小,,,,,,,,
バッカニア,キャスター,3,しくじるんじゃないよ,敵軍全師団攻撃値ダウン(１０％),攻撃値,ダウン,１０％,自軍全師団攻撃値アップ(１０％),攻撃値,アップ,１０％,フォース吸収(小),フォース,吸収,小,,,,
エグゼクター,ブレイダー,2,ハイディングブロー,敵軍単体に小ダメージ,ダメージ,単体,小,敵軍単体に毒化付与(１０％),毒化付与,単体,１０％,フォース減少(小),フォース,減少,小,,,,
アマゾンスナイパー,ランサー,3,密林戦法・射,敵軍一列に小ダメージ,ダメージ,一列,小,敵軍一列に毒化付与(１０％),毒化付与,一列,１０％,,,,,,,,
銃士隊長,キャスター,2,シルバーマシンガン,敵軍城壁に小ダメージ,城壁ダメージ,,小,自軍全師団知力値アップ(１５％),知力値,アップ,１５％,,,,,,,,
スナイパー,ブレイダー,4,暗殺狙撃,敵軍単体に大ダメージ,ダメージ,単体,大,敵軍全師団全能力値ダウン(１０％),全能力値,ダウン,１０％,,,,,,,,
レディスナイパー,ランサー,4,近衛排除,敵軍一列に小ダメージ,ダメージ,一列,小,敵軍全師団防御値ダウン(２０％),防御値,ダウン,２０％,,,,,,,,
ブラストドラグーン,ランサー,3,火球ボンバー,敵軍一列に小ダメージ,ダメージ,一列,小,敵軍城壁に小ダメージ,城壁ダメージ,,小,,,,,,,,
ウィザード,キャスター,2,チェインマジック,敵軍単体に麻痺付与,麻痺付与,単体,,敵軍全師団全能力値ダウン(５％),全能力値,ダウン,５％,,,,,,,,
ウィッチ,デストロイヤー,3,ポイズンスモッグ,敵軍師団に微ダメージ,ダメージ,師団,微,敵軍一列に毒化付与(５％),毒化付与,一列,５％,,,,,,,,
ファウスト,キャスター,1,呪っちゃうぞ一,敵軍単体に毒化付与(５％),毒化付与,単体,５％,敵軍全師団知力値ダウン(１０％),知力値,ダウン,１０％,,,,,,,,
ベノムトレーダー,ヒーラー,3,ポーション乱舞・毒,自軍師団回復(小),回復,師団,小,敵軍単体に毒化付与(１０％),毒化付与,単体,１０％,,,,,,,,
シーア,キャスター,3,星読みの加護,敵軍全師団全能力値ダウン(１５％),全能力値,ダウン,１５％,自軍全師団全能力値アップ(１５％),全能力値,アップ,１５％,,,,,,,,
陰陽師,ブレイダー,1,式神ナックル,敵軍単体に微ダメージ,ダメージ,単体,微,敵軍城壁に微ダメージ,城壁ダメージ,,微,,,,,,,,
エレメンタラー,ヒーラー,3,エレメンタルパワー,自軍師団回復(小),回復,師団,小,自軍全師団知力値アップ(１５％),知力値,アップ,１５％,,,,,,,,
アマゾンドルイド,ブレイダー,3,密林戦法・魔,敵軍単体に小ダメージ,ダメージ,単体,小,敵軍単体に麻痺付与,麻痺付与,単体,,,,,,,,,
ヴァイスマギア,ヒーラー,3,癒やしの星光,自軍師団回復(小),回復,師団,小,フォース増加(中),フォース,増加,中,,,,,,,,
武仙,ランサー,4,剣武・札舞,敵軍単体に麻痺付与,麻痺付与,単体,,敵軍一列に小ダメージ,ダメージ,一列,小,,,,,,,,
仙女,ブレイダー,4,仙術・荒御魂,フォース吸収(中),フォース,吸収,中,敵軍単体に中ダメージ,ダメージ,単体,中,,,,,,,,
セージ,ガーダー,4,叡智を授けよう,バリア効果(中),バリア,,中,自軍全師団知力値アップ(２０％),知力値,アップ,２０％,,,,,,,,
レディセージ,ランサー,4,呪符術式展開,敵軍一列に小ダメージ,ダメージ,一列,小,自軍全師団全能力値アップ(１０％),全能力値,アップ,１０％,,,,,,,,
オリファンの笛吹き,キャスター,4,オリファンの笛,フォース増加(小),フォース,増加,小,自軍全師団全能力値アップ(１０％),全能力値,アップ,１０％,敵軍全師団全能力値ダウン(１０％),全能力値,ダウン,１０％,,,,
インヴォーカー,ヒーラー,5,救いの祈りよ,自軍師団蘇生(中),蘇生,師団,中,自軍全師団全能力値アップ(１０％),全能力値,アップ,１０％,,,,,,,,
フューリー,キャスター,3,古の禁術,フォース吸収(中),フォース,吸収,中,敵軍単体に麻痺付与,麻痺付与,単体,,,,,,,,,
ヴァルボリの魔女,ランサー,3,ブルーフレイム,敵軍一列に微ダメージ,ダメージ,一列,微,自軍全師団知力値アップ(１０％),知力値,アップ,１０％,,,,,,,,
辺境盾兵,ガーダー,4,盾兵ド根性・最終回,バリア効果(中),バリア,,中,自軍全師団防御値アップ(１５％),防御値,アップ,１５％,,,,,,,,
バイキングガード,キャスター,2,略奪ヒャッハー,敵軍全師団防御値ダウン(１０％),防御値,ダウン,１０％,自軍全師団防御値アップ(１０％),防御値,アップ,１０％,敵軍城壁に小ダメージ,城壁ダメージ,,小,,,,
ソルジャー,ブレイダー,2,槍兵突撃攻撃,敵軍単体に小ダメージ,ダメージ,単体,小,自軍全師団攻撃値アップ(５％),攻撃値,アップ,５％,,,,,,,,
レディソルジャー,ブレイダー,2,槍兵迎撃態勢,敵軍単体に微ダメージ,ダメージ,単体,微,自軍全師団防御値アップ(１５％),防御値,アップ,１５％,,,,,,,,
ハンマーナイト,ガーダー,3,男の防御,バリア効果(小),バリア,,小,自軍全師団攻撃値アップ(１０％),攻撃値,アップ,１０％,,,,,,,,
鉄騎将,ブレイダー,3,アイアンウォール,自軍城壁拡張(小),城壁拡張,,小,敵軍単体に小ダメージ,ダメージ,単体,小,,,,,,,,
聖騎士,ランサー,3,グランドクロス,敵軍一列に小ダメージ,ダメージ,一列,小,自軍全師団防御値アップ(１０％),防御値,アップ,１０％,自軍全師団知力値アップ(１５％),知力値,アップ,１５％,,,,
スケイルドラグーン,キャスター,2,ドラゴンガード,自軍城壁拡張(小),城壁拡張,,小,自軍全師団攻撃値アップ(１０％),攻撃値,アップ,１０％,自軍全師団防御値アップ(１０％),防御値,アップ,１０％,,,,
フォートレス,ブレイダー,4,カウンターガード,バリア効果(中),バリア,,中,自軍全師団攻撃値アップ(２０％),攻撃値,アップ,２０％,敵軍単体に微ダメージ,ダメージ,単体,微,,,,
レディフォートレス,ブレイダー,4,クリスタルガード,バリア効果(中),バリア,,中,自軍全師団防御値アップ(２０％),防御値,アップ,２０％,敵軍単体に微ダメージ,ダメージ,単体,微,,,,
バーバリアン,ランサー,3,克己の肉体,敵軍一列に小ダメージ,ダメージ,一列,小,自軍全師団攻撃値アップ(１０％),攻撃値,アップ,１０％,,,,,,,,
ハルモニアガード,キャスター,3,ハルモニアの盾,自軍師団回復(小),回復,師団,小,自軍全師団防御値アップ(１０％),防御値,アップ,１０％,,,,,,,,
黒騎将,ブレイダー,4,ブラックウォール,自軍城壁拡張(中),城壁拡張,,中,敵軍単体に中ダメージ,ダメージ,単体,中,自軍全師団防御値アップ(１０％),防御値,アップ,１０％,,,,
霊装鎧兵,キャスター,3,エネルギーフィールド,バリア効果(小),バリア,,小,自軍城壁拡張(小),城壁拡張,,小,,,,,,,,
女霊装鎧兵,キャスター,3,エネルギーシールド,バリア効果(小),バリア,,小,自軍師団回復(小),回復,師団,小,,,,,,,,
金鎧将,ブレイダー,5,ゴールドウォール,自軍城壁拡張(大),城壁拡張,,大,敵軍単体に中ダメージ,ダメージ,単体,中,自軍全師団防御値アップ(２０％),防御値,アップ,２０％,,,,
カーペンター,ガーダー,2,ケミカルアンカー,自軍城壁拡張(小),城壁拡張,,小,敵軍城壁に小ダメージ,城壁ダメージ,,小,,,,,,,,
山師,ブレイダー,2,ダイヤモンドカッター,敵軍単体に小ダメージ,ダメージ,単体,小,敵軍城壁に小ダメージ,城壁ダメージ,,小,,,,,,,,
怪盗,キャスター,3,大泥棒参上,敵軍全師団防御値ダウン(１０％),防御値,ダウン,１０％,フォース吸収(小),フォース,吸収,小,,,,,,,,
パニッシャー,デストロイヤー,4,私の右手は神の挙,敵軍師団に中ダメージ,ダメージ,師団,中,敵軍城壁に小ダメージ,城壁ダメージ,,小,自軍全師団攻撃値アップ(１０％),攻撃値,アップ,１０％,,,,
レディホーク,ヒーラー,3,お宝よこしな,自軍師団回復(小),回復,師団,小,敵軍全師団攻撃値ダウン(１０％),攻撃値,ダウン,１０％,自軍全師団攻撃値アップ(１０％),攻撃値,アップ,１０％,,,,
ホーンドラグーン,ブレイダー,2,チャージングスピア,敵軍単体に小ダメージ,ダメージ,単体,小,自軍全師団速度値アップ(１０％),速度値,アップ,１０％,,,,,,,,
ウォリアー,デストロイヤー,4,心が踊るぜ,敵軍師団に微ダメージ,ダメージ,師団,微,自軍全師団攻撃値アップ(１５％),攻撃値,アップ,１５％,,,,,,,,
レディウォリアー,ランサー,4,楽しませな,敵軍一列に小ダメージ,ダメージ,一列,小,自軍全師団攻撃値アップ(１５％),攻撃値,アップ,１５％,,,,,,,,
拳聖,ブレイダー,4,山砕き,敵軍単体に中ダメージ,ダメージ,単体,中,敵軍城壁に中ダメージ,城壁ダメージ,,中,,,,,,,,
女拳聖,デストロイヤー,4,秘技・竜舞挙,敵軍師団に微ダメージ,ダメージ,師団,微,敵軍城壁に小ダメージ,城壁ダメージ,,小,,,,,,,,
アーチボルト,ブレイダー,4,バリスタ狙撃,敵軍単体に大ダメージ,ダメージ,単体,大,,,,,,,,,,,,
レディアーチボルト,ガーダー,3,ストレス発散,敵軍城壁に大ダメージ,城壁ダメージ,,大,敵軍全師団防御値ダウン(１５％),防御値,ダウン,１５％,,,,,,,,
バイキングリーダー,ランサー,4,戦士の進軍,敵軍一列に中ダメージ,ダメージ,一列,中,敵軍全師団全能力値ダウン(１５％),全能力値,ダウン,１５％,自軍全師団全能力値アップ(１５％),全能力値,アップ,１５％,,,,
ハイモンク,ヒーラー,5,破導拳,敵軍城壁に中ダメージ,城壁ダメージ,,中,自軍全師団全能力値アップ(２０％),全能力値,アップ,２０％,自軍師団の状態異常を回復,状態異常回復,,,自軍師団に１ターン絶対治療付与,絶対治療付与,,
ウルティマカノン,デストロイヤー,5,アルティメットカノン,敵軍師団に中ダメージ,ダメージ,師団,中,敵軍城壁に小ダメージ,城壁ダメージ,,小,,,,,,,,
カオティックカノン,デストロイヤー,5,カオスクライムカノン,敵軍師団に大ダメージ,ダメージ,師団,大,敵軍城壁に中ダメージ,城壁ダメージ,,中,,,,,,,,
ハーバリスト,ヒーラー,2,ポーションパラダイス,自軍師団回復(微),回復,師団,微,バリア効果(微),バリア,,微,,,,,,,,
巫女,キャスター,1,オンバサラ,自軍城壁拡張(微),城壁拡張,,微,敵軍全師団攻撃値ダウン(５％),攻撃値,ダウン,５％,敵軍全師団知力値ダウン(１０％),知力値,ダウン,１０％,,,,
司祭,ヒーラー,3,神への祈り,自軍師団蘇生(微),蘇生,師団,微,自軍全師団知力値アップ(１０％),知力値,アップ,１０％,,,,,,,,
高司祭,ヒーラー,4,神からの奇跡,自軍師団蘇生(小),蘇生,師団,小,自軍全師団知力値アップ(１５％),知力値,アップ,１５％,,,,,,,,
ドラゴンプリースト,ランサー,3,ドラゴンブレス,敵軍一列に小ダメージ,ダメージ,一列,小,自軍全師団攻撃値アップ(１０％),攻撃値,アップ,１０％,自軍全師団知力値アップ(１５％),知力値,アップ,１５％,,,,
ハイエロファント,キャスター,4,聖域大結界,自軍全師団全能力値アップ(１０％),全能力値,アップ,１０％,敵軍全師団全能力値ダウン(１０％),全能力値,ダウン,１０％,,,,,,,,
ハイプリエステス,デストロイヤー,4,ネメシス・クロス,敵軍師団に微ダメージ,ダメージ,師団,微,自軍全師団全能力値アップ(１５％),全能力値,アップ,１５％,,,,,,,,
ヴァルキリー,ブレイダー,3,戦乙女の剣旋,敵軍単体に中ダメージ,ダメージ,単体,中,フォース増加(中),フォース,増加,中,,,,,,,,
スレイエンジェル,ブレイダー,2,ツインセイバー,敵軍単体に小ダメージ,ダメージ,単体,小,自軍全師団攻撃値アップ(１０％),攻撃値,アップ,１０％,,,,,,,,
フォールンセイバー,ブレイダー,2,ダークソード,敵軍単体に微ダメージ,ダメージ,単体,微,敵軍単体に呪い付与,呪い付与,単体,,,,,,,,,
ヘブンレイダー,ブレイダー,3,ダブルセイバー,敵軍単体に中ダメージ,ダメージ,単体,中,自軍全師団攻撃値アップ(１５％),攻撃値,アップ,１５％,,,,,,,,
エンジェルセイバー,ブレイダー,2,ホーリーソード,敵軍単体に微ダメージ,ダメージ,単体,微,敵軍単体に封印付与,封印付与,単体,,,,,,,,,
白虎,ブレイダー,4,聖獣の爪,敵軍単体に中ダメージ,ダメージ,単体,中,敵軍全師団攻撃値ダウン(２０％),攻撃値,ダウン,２０％,,,,,,,,
イノセントソード,ブレイダー,4,無慈悲なー刀,敵軍単体に大ダメージ,ダメージ,単体,大,敵軍全師団防御値ダウン(２０％),防御値,ダウン,２０％,,,,,,,,
シグルズの竜戦士,ブレイダー,4,邪竜斬破,敵軍単体に大ダメージ,ダメージ,単体,大,自軍全師団攻撃値アップ(１５％),攻撃値,アップ,１５％,,,,,,,,
熾天使ミカエル,ブレイダー,4,神焔斬,敵軍単体に大ダメージ,ダメージ,単体,大,敵軍城壁に中ダメージ,城壁ダメージ,,中,,,,,,,,
天帝梵阿,デストロイヤー,5,風舞・天裂風,敵軍師団に特ダメージ,ダメージ,師団,特,,,,,,,,,,,,
ケリュネイア,ヒーラー,5,キュン、キューン,自軍師団の状態異常を回復,状態異常回復,,,自軍師団に１ターン絶対治療付与,絶対治療付与,,,フォース増加(中),フォース,増加,中,自軍全師団速度値アップ(２５％),速度値,アップ,２５％
アレイオーン,ブレイダー,3,神馬突撃,敵軍単体に大ダメージ,ダメージ,単体,大,,,,,,,,,,,,
カオスエンジェル,ランサー,3,ピアッシング,敵軍一列に小ダメージ,ダメージ,一列,小,,,,,,,,,,,,
ヘブンインペイル,ランサー,4,ペネトレイション,敵軍一列に中ダメージ,ダメージ,一列,中,,,,,,,,,,,,
青龍,ランサー,5,雷撃雨,敵軍一列に大ダメージ,ダメージ,一列,大,自軍全師団防御値アップ(２０％),防御値,アップ,２０％,,,,,,,,
スルーズの雷騎士,ブレイダー,4,サンダーレイド,敵軍単体に中ダメージ,ダメージ,単体,中,自軍全師団速度値アップ(２０％),速度値,アップ,２０％,,,,,,,,
エバンジールジャッジ,デストロイヤー,4,福音の雷,敵軍師団に小ダメージ,ダメージ,師団,小,自軍全師団速度値アップ(１５％),速度値,アップ,１５％,,,,,,,,
熾天使メタトロン,ランサー,5,断罪の炎槍,敵軍一列に中ダメージ,ダメージ,一列,中,自軍全師団攻撃値アップ(４０％),攻撃値,アップ,４０％,,,,,,,,
ネプチューン,ランサー,5,海神雷戟,敵軍一列に中ダメージ,ダメージ,一列,中,敵軍一列に麻痺付与,麻痺付与,一列,,,,,,,,,
シヴァ,デストロイヤー,5,シャルヴ,敵軍師団に中ダメージ,ダメージ,師団,中,自軍全師団攻撃値アップ(２５％),攻撃値,アップ,２５％,,,,,,,,
スプライトシーカー,ブレイダー,4,雷精放電,敵軍単体に小ダメージ,ダメージ,単体,小,敵軍単体に麻痺付与,麻痺付与,単体,,敵軍全師団速度値ダウン(１５％),速度値,ダウン,１５％,,,,
ガルーダ,ヒーラー,5,ヴァーハナ,自軍師団の状態異常を回復,状態異常回復,,,自軍師団に１ターン絶対治療付与,絶対治療付与,,,自軍全師団全能力値アップ(１５％),全能力値,アップ,１５％,,,,
朱雀,デストロイヤー,5,再生の炎,敵軍師団に微ダメージ,ダメージ,師団,微,自軍師団蘇生(中),蘇生,師団,中,,,,,,,,
ノートスの天弓土,デストロイヤー,4,星天の矢雨,敵軍師団に微ダメージ,ダメージ,師団,微,敵軍全師団全能力値ダウン(１０％),全能力値,ダウン,１０％,,,,,,,,
アリアドネー,キャスター,3,勝利を導く神糸,自軍全師団防御値アップ(２５％),防御値,アップ,２５％,敵軍全師団速度値ダウン(２５％),速度値,ダウン,２５％,,,,,,,,
エバンジールガンナー,デストロイヤー,4,福音の火砲,敵軍師団に小ダメージ,ダメージ,師団,小,自軍全師団攻撃値アップ(１５％),攻撃値,アップ,１５％,,,,,,,,
熾天使ラファエル,ヒーラー,5,神霊風,自軍師団回復(大),回復,師団,大,自軍全師団知力値アップ(３０％),知力値,アップ,３０％,,,,,,,,
セイレーン,キャスター,2,戦の聖歌,フォース増加(小),フォース,増加,小,自軍全師団攻撃値アップ(１０％),攻撃値,アップ,１０％,自軍全師団知力値アップ(１５％),知力値,アップ,１５％,,,,
フォールンチャンター,キャスター,2,冥獄の歌,フォース減少(微),フォース,減少,微,敵軍全師団全能力値ダウン(５％),全能力値,ダウン,５％,,,,,,,,
エンジェルチャンター,キャスター,2,天輪の歌,フォース増加(微),フォース,増加,微,自軍全師団全能力値アップ(５％),全能力値,アップ,５％,,,,,,,,
イノセントチャンター,ランサー,5,零の秘術,敵軍一列に大ダメージ,ダメージ,一列,大,自軍師団回復(大),回復,師団,大,,,,,,,,
キュベレイ,ヒーラー,4,大地の恵み,自軍師団回復(大),回復,師団,大,自軍城壁拡張(大),城壁拡張,,大,,,,,,,,
アルヴィスの賢者,ランサー,4,究極魔法・アルタール,敵軍一列に小ダメージ,ダメージ,一列,小,自軍全師団全能力値アップ(１０％),全能力値,アップ,１０％,,,,,,,,
グリゴリ,ランサー,4,ルナティックバニシュ,敵軍一列に中ダメージ,ダメージ,一列,中,敵軍全師団防御値ダウン(１５％),防御値,ダウン,１５％,,,,,,,,
ガネーシャ,キャスター,4,幸運の牙筆,フォース増加(中),フォース,増加,中,自軍全師団知力値アップ(２０％),知力値,アップ,２０％,,,,,,,,
セラフ,ランサー,5,クロス・バニシュ,敵軍一列に大ダメージ,ダメージ,一列,大,敵軍全師団防御値ダウン(２０％),防御値,ダウン,２０％,,,,,,,,
エバンジールセージ,デストロイヤー,4,福音の氷雪,敵軍師団に小ダメージ,ダメージ,師団,小,自軍全師団全能力値アップ(１５％),全能力値,アップ,１５％,,,,,,,,
応龍,デストロイヤー,5,天渦竜雷,敵軍師団に大ダメージ,ダメージ,師団,大,敵軍城壁に中ダメージ,城壁ダメージ,,中,,,,,,,,
熾天使ラジエル,デストロイヤー,5,セファー・ラジエール,敵軍師団に小ダメージ,ダメージ,師団,小,自軍全師団知力値アップ(２５％),知力値,アップ,２５％,敵軍全師団全能力値ダウン(２５％),全能力値,ダウン,２５％,,,,
熾天使ハニエル,ランサー,5,天使の寵愛,敵軍一列に中ダメージ,ダメージ,一列,中,敵軍一列に魅了付与,魅了付与,一列,,,,,,,,,
プルート,デストロイヤー,5,裁きの業火,敵軍師団に中ダメージ,ダメージ,師団,中,敵軍全師団全能力値ダウン(３０％),全能力値,ダウン,３０％,,,,,,,,
ヴァルファーズ,ブレイダー,3,勇者の槍,敵軍単体に中ダメージ,ダメージ,単体,中,自軍全師団攻撃値アップ(１５％),攻撃値,アップ,１５％,,,,,,,,
フォルエンジェル,ガーダー,4,フォールン・ガード,バリア効果(小),バリア,,小,自軍全師団攻撃値アップ(１５％),攻撃値,アップ,１５％,,,,,,,,
エンジェルナイト,ガーダー,4,エンジェル・ガード,バリア効果(小),バリア,,小,自軍全師団攻撃値アップ(１５％),攻撃値,アップ,１５％,,,,,,,,
玄武,ガーダー,4,聖なる護甲,自軍城壁拡張(大),城壁拡張,,大,バリア効果(大),バリア,,大,,,,,,,,
イノセントシェル,ヒーラー,5,虚構の防壁,バリア効果(大),バリア,,大,自軍師団の状態異常を回復,状態異常回復,,,自軍師団に１ターン絶対治療付与,絶対治療付与,,,,,,
スレイプニルの神騎士,ブレイダー,4,神槍アンティオキア,敵軍単体に大ダメージ,ダメージ,単体,大,フォース増加(中),フォース,増加,中,,,,,,,,
エバンジールナイト,ガーダー,4,福音の聖壁,バリア効果(大),バリア,,大,自軍全師団防御値アップ(１５％),防御値,アップ,１５％,,,,,,,,
熾天使ウリエル,ガーダー,4,神鎧甲,自軍城壁拡張(大),城壁拡張,,大,バリア効果(大),バリア,,大,,,,,,,,
熾天使サンダルフォン,ガーダー,5,神鍵の聖域,バリア効果(大),バリア,,大,自軍全師団防御値アップ(５０％),防御値,アップ,５０％,,,,,,,,
エインヘリヤル,ブレイダー,3,戦士の槍,敵軍単体に中ダメージ,ダメージ,単体,中,敵軍全師団攻撃値ダウン(１５％),攻撃値,ダウン,１５％,,,,,,,,
ドミネーター,キャスター,4,堕落の霊光,フォース減少(大),フォース,減少,大,敵軍全師団知力値ダウン(２５％),知力値,ダウン,２５％,,,,,,,,
アフィストル,キャスター,4,使徒の霊光,フォース減少(大),フォース,減少,大,敵軍全師団知力値ダウン(２５％),知力値,ダウン,２５％,,,,,,,,
リンドヴルム,ヒーラー,5,魂喰らい,自軍師団回復(大),回復,師団,大,フォース吸収(大),フォース,吸収,大,,,,,,,,
イノセントグランツ,デストロイヤー,5,心無き斬舞,敵軍師団に中ダメージ,ダメージ,師団,中,自軍全師団全能力値アップ(１０％),全能力値,アップ,１０％,敵軍全師団全能力値ダウン(１０％),全能力値,ダウン,１０％,,,,
熾天使ザラキエル,ヒーラー,5,月光医療,自軍師団蘇生(中),蘇生,師団,中,敵軍全師団全能力値ダウン(２５％),全能力値,ダウン,２５％,,,,,,,,
熾天使ゼルエル,デストロイヤー,4,クラッシュ・レイ,敵軍師団に小ダメージ,ダメージ,師団,小,敵軍城壁に大ダメージ,城壁ダメージ,,大,敵軍全師団攻撃値ダウン(１５％),攻撃値,ダウン,１５％,,,,
黒龍王,デストロイヤー,5,黒龍弾,敵軍師団に中ダメージ,ダメージ,師団,中,敵軍城壁に大ダメージ,城壁ダメージ,,大,,,,,,,,
ウラノス,ランサー,5,天神大轟斧,敵軍一列に大ダメージ,ダメージ,一列,大,敵軍城壁に大ダメージ,城壁ダメージ,,大,,,,,,,,
カーリー,デストロイヤー,5,死と破壊の舞踊,敵軍師団に中ダメージ,ダメージ,師団,中,敵軍城壁に大ダメージ,城壁ダメージ,,大,フォース減少(中),フォース,減少,中,,,,
ファレンクピド,ヒーラー,3,聖なる癒やし,自軍師団回復(小),回復,師団,小,バリア効果(小),バリア,,小,,,,,,,,
クピド,ヒーラー,4,天使の癒やし,自軍師団回復(小),回復,師団,小,バリア効果(中),バリア,,中,,,,,,,,
ヘイズルーン,キャスター,2,戦士の旋律,フォース増加(小),フォース,増加,小,自軍全師団防御値アップ(１０％),防御値,アップ,１０％,自軍全師団知力値アップ(１５％),知力値,アップ,１５％,,,,
エンジェルコック,ヒーラー,3,天使のおもてなし,自軍師団回復(小),回復,師団,小,フォース増加(中),フォース,増加,中,,,,,,,,
アマテラス,ヒーラー,5,太陽の奇跡,自軍師団蘇生(中),蘇生,師団,中,自軍師団の状態異常を回復,状態異常回復,,,自軍師団に１ターン絶対治療付与,絶対治療付与,,,,,,
麒麟,ランサー,5,神獣雷閃,敵軍一列に中ダメージ,ダメージ,一列,中,敵軍一列に麻痺付与,麻痺付与,一列,,,,,,,,,
エバンジールコーラー,ヒーラー,4,福音の慈雨,自軍師団蘇生(中),蘇生,師団,中,フォース増加(中),フォース,増加,中,,,,,,,,
熾天使ガブリエル,ランサー,5,神水恵,敵軍一列に大ダメージ,ダメージ,一列,大,自軍師団蘇生(中),蘇生,師団,中,,,,,,,,
熾天使アキベエル,ブレイダー,4,ラヴ・ビーム,敵軍単体に小ダメージ,ダメージ,単体,小,敵軍単体に魅了付与,魅了付与,単体,,フォース吸収(特),フォース,吸収,特,,,,
熾天使ジョフィエル,ヒーラー,5,楽園のフルコース,自軍師団蘇生(大),蘇生,師団,大,自軍師団の状態異常を回復,状態異常回復,,,自軍師団に１ターン絶対治療付与,絶対治療付与,,,フォース増加(中),フォース,増加,中
狂天使サマエル,ランサー,4,呪いの林檎,敵軍一列に小ダメージ,ダメージ,一列,小,敵軍一列に毒化付与(１０％),毒化付与,一列,１０％,,,,,,,,
嵐神アナト,ブレイダー,4,嵐神の風舞,敵軍単体に大ダメージ,ダメージ,単体,大,敵軍全師団防御値ダウン(１５％),防御値,ダウン,１５％,,,,,,,,
ヴァルキリーオルク,ブレイダー,4,血涙のヴァルキュリア,敵軍単体に大ダメージ,ダメージ,単体,大,敵軍単体に毒化付与(２０％),毒化付与,単体,２０％,フォース吸収(中),フォース,吸収,中,,,,
ベルゲルミルオルク,ブレイダー,4,血涙の毒挙,敵軍単体に中ダメージ,ダメージ,単体,中,敵軍城壁に中ダメージ,城壁ダメージ,,中,敵軍全体に毒化付与(２０％),毒化付与,全師団,２０％,,,,
シグルズオルク,ブレイダー,5,怨血斬破,敵軍単体に大ダメージ,ダメージ,単体,大,敵軍単体に毒化付与(２０％),毒化付与,単体,２０％,,,,,,,,
狂天使ラメエル,ヒーラー,3,凍て付く世界,自軍師団回復(小),回復,師団,小,敵軍単体に麻痺付与,麻痺付与,単体,,,,,,,,,
フォモル,ガーダー,4,古の波動,バリア効果(中),バリア,,中,敵軍城壁に中ダメージ,城壁ダメージ,,中,,,,,,,,
ラグナ・プラセル,ブレイダー,3,狂喜,敵軍単体に中ダメージ,ダメージ,単体,中,自軍全師団攻撃値アップ(１５％),攻撃値,アップ,１５％,,,,,,,,
海神ナハール,ランサー,4,海神の咆哮,敵軍一列に中ダメージ,ダメージ,一列,中,自軍全師団防御値アップ(１５％),防御値,アップ,１５％,,,,,,,,
スルーズオルク,ブレイダー,5,オルクスサンダー,敵軍単体に大ダメージ,ダメージ,単体,大,敵軍全師団速度値ダウン(３０％),速度値,ダウン,３０％,,,,,,,,
グラシア・プラセル,ブレイダー,4,怨喜,敵軍単体に大ダメージ,ダメージ,単体,大,自軍全師団攻撃値アップ(２０％),攻撃値,アップ,２０％,敵軍単体に呪い付与,呪い付与,単体,,,,,
狂天使イブリース,キャスター,4,無貌の祈り,敵軍単体に毒化付与(２０％),毒化付与,単体,２０％,フォース増加(大),フォース,増加,大,,,,,,,,
屍神レシェフ,デストロイヤー,5,屍神の呪痕,敵軍師団に小ダメージ,ダメージ,師団,小,敵軍全師団全能力値ダウン(２５％),全能力値,ダウン,２５％,,,,,,,,
ノートスオルク,デストロイヤー,5,慟哭の矢雨,敵軍師団に小ダメージ,ダメージ,師団,小,敵軍全師団全能力値ダウン(１５％),全能力値,ダウン,１５％,,,,,,,,
狂天使カスピエル,ランサー,4,呪いの裂創,敵軍一列に中ダメージ,ダメージ,一列,中,敵軍一列に毒化付与(１５％),毒化付与,一列,１５％,,,,,,,,
バアルメイガス,キャスター,3,混沌魔術,敵軍単体に毒化付与(２０％),毒化付与,単体,２０％,敵軍全師団全能力値ダウン(５％),全能力値,ダウン,５％,,,,,,,,
ラグナ・トリステサ,ガーダー,3,悲観の涙,バリア効果(中),バリア,,中,敵軍全師団攻撃値ダウン(２０％),攻撃値,ダウン,２０％,,,,,,,,
アウルゲルミルオルク,ブレイダー,4,血涙の凶霧,敵軍単体に大ダメージ,ダメージ,単体,大,敵軍全体に毒化付与(２０％),毒化付与,全師団,２０％,,,,,,,,
グラシア・トリステサ,ガーダー,3,怨悲の涙,バリア効果(大),バリア,,大,敵軍全師団攻撃値ダウン(２５％),攻撃値,ダウン,２５％,,,,,,,,
アルヴィスオルク,ランサー,5,呪殺魔法トイフェル,敵軍一列に小ダメージ,ダメージ,一列,小,敵軍全師団全能力値ダウン(１５％),全能力値,ダウン,１５％,,,,,,,,
混沌の神アシェラト,キャスター,5,混沌の聖域,敵軍師団に毒化付与(２０％),毒化付与,師団,２０％,敵軍師団に中ダメージ,ダメージ,師団,中,,,,,,,,
バアルウォリアー,デストロイヤー,3,混沌斬撃,敵軍師団に中ダメージ,ダメージ,師団,中,敵軍単体に毒化付与(２０％),毒化付与,単体,２０％,,,,,,,,
狂天使アラキバ,ブレイダー,4,歪みの皮甲,自軍城壁拡張(大),城壁拡張,,大,敵軍単体に大ダメージ,ダメージ,単体,大,,,,,,,,
ラグナ・ファーシル,ブレイダー,2,安楽の笑み,敵軍単体に中ダメージ,ダメージ,単体,中,フォース吸収(小),フォース,吸収,小,,,,,,,,
ヴァルファーズオルク,ブレイダー,4,血涙の毒槍,敵軍単体に大ダメージ,ダメージ,単体,大,敵軍単体に毒化付与(２０％),毒化付与,単体,２０％,,,,,,,,
グラシア・ファーシル,ブレイダー,3,怨楽の笑み,敵軍単体に大ダメージ,ダメージ,単体,大,フォース吸収(中),フォース,吸収,中,,,,,,,,
スレイプニルオルク,ブレイダー,5,呪槍アンティオキア,敵軍単体に大ダメージ,ダメージ,単体,大,フォース増加(小),フォース,増加,小,,,,,,,,
炎神モート,ブレイダー,4,炎神の暴食,敵軍単体に大ダメージ,ダメージ,単体,大,フォース吸収(中),フォース,吸収,中,,,,,,,,
狂天使アザゼル,キャスター,5,狂乱の進軍,敵軍一列に麻痺付与,麻痺付与,一列,,敵軍全師団知力値ダウン(２５％),知力値,ダウン,２５％,,,,,,,,
エインヘリヤルオルク,ブレイダー,4,血涙の毒槍,敵軍単体に大ダメージ,ダメージ,単体,大,敵軍単体に毒化付与(２０％),毒化付与,単体,２０％,,,,,,,,
ムスペルランドオルク,ランサー,4,血涙の毒雷,敵軍一列に中ダメージ,ダメージ,一列,中,敵軍一列に毒化付与(２０％),毒化付与,一列,２０％,フォース減少(小),フォース,減少,小,,,,
ラグナ・イラ,ランサー,3,憤怒の衝撃,敵軍一列に中ダメージ,ダメージ,一列,中,敵軍城壁に中ダメージ,城壁ダメージ,,中,,,,,,,,
グラシア・イラ,ランサー,4,怨怒の衝撃,敵軍一列に大ダメージ,ダメージ,一列,大,敵軍城壁に大ダメージ,城壁ダメージ,,大,,,,,,,,
混沌の胤,ヒーラー,4,混沌の再生,自軍師団蘇生(小),蘇生,師団,小,自軍師団の状態異常を回復,状態異常回復,,,自軍師団に１ターン絶対治療付与,絶対治療付与,,,,,,
ヘイズルーンオルク,キャスター,4,血涙の呪毒,フォース増加(小),フォース,増加,小,敵軍全師団全能力値ダウン(１０％),全能力値,ダウン,１０％,敵軍全体に毒化付与(２０％),毒化付与,全師団,２０％,,,,
ラグナ・アモーレ,ヒーラー,4,慈愛の蓮,自軍師団の状態異常を回復,状態異常回復,,,自軍師団に１ターン絶対治療付与,絶対治療付与,,,自軍師団回復(中),回復,師団,中,,,,
混沌の母イドラ,キャスター,5,混沌より出でるモノ,敵軍師団に微ダメージ,ダメージ,師団,微,敵軍全体に毒化付与(１０％),毒化付与,全師団,１０％,敵軍全体に呪い付与,呪い付与,全師団,,,,,
グラシア・アモーレ,ヒーラー,5,怨愛の蓮,自軍師団蘇生(中),蘇生,師団,中,自軍師団の状態異常を回復,状態異常回復,,,自軍師団に１ターン絶対治療付与,絶対治療付与,,,,,,
アーキアンプレデター,ブレイダー,2,捕食性フェノメノン,敵軍単体に中ダメージ,ダメージ,単体,中,フォース吸収(小),フォース,吸収,小,,,,,,,,
アーキアンユニオン,キャスター,4,同化性フェノメノン,自軍全師団全能力値アップ(１０％),全能力値,アップ,１０％,敵軍全師団全能力値ダウン(１０％),全能力値,ダウン,１０％,,,,,,,,
アーキアングロウナー,ガーダー,3,硬化性フェノメノン,バリア効果(中),バリア,,中,自軍全師団防御値アップ(１０％),防御値,アップ,１０％,,,,,,,,
アーキアンイムニティ,ヒーラー,4,癒合性フェノメノン,自軍師団の状態異常を回復,状態異常回復,,,自軍師団に１ターン絶対治療付与,絶対治療付与,,,自軍師団回復(中),回復,師団,中,,,,